model,ID,cond,tp,cv_fold,logp
ucb_lcb_n_baseline,1.0,0.0,0.0,0.0,-3.6482441425323486
ucb_lcb_n_baseline,15.0,0.0,0.0,0.0,-11.376625537872314
ucb_lcb_n_baseline,19.0,0.0,0.0,0.0,-6.712476015090942
ucb_lcb_n_baseline,20.0,0.0,0.0,0.0,-5.8781561851501465
ucb_lcb_n_baseline,22.0,0.0,0.0,0.0,-54.63942909240723
ucb_lcb_n_baseline,24.0,0.0,0.0,0.0,-48.702983021736145
ucb_lcb_n_baseline,27.0,0.0,0.0,0.0,-48.56745445728302
ucb_lcb_n_baseline,30.0,0.0,0.0,0.0,-0.5778891444206238
ucb_lcb_n_baseline,32.0,0.0,0.0,0.0,-5.45617151260376
ucb_lcb_n_baseline,46.0,0.0,0.0,0.0,-18.294880151748657
ucb_lcb_n_baseline,48.0,0.0,0.0,0.0,-113.12544918060303
ucb_lcb_n_baseline,51.0,0.0,0.0,0.0,-6.274033546447754
ucb_lcb_n_baseline,52.0,0.0,0.0,0.0,-1.0700368881225586
ucb_lcb_n_baseline,53.0,0.0,0.0,0.0,-2.113121509552002
ucb_lcb_n_baseline,55.0,0.0,0.0,0.0,-3.8399901390075684
ucb_lcb_n_baseline,56.0,0.0,0.0,0.0,-5.063745021820068
ucb_lcb_n_baseline,57.0,0.0,0.0,0.0,-81.34598410129547
ucb_lcb_n_baseline,59.0,0.0,0.0,0.0,-104.27114462852478
ucb_lcb_n_baseline,60.0,0.0,0.0,0.0,-37.514914751052856
ucb_lcb_n_baseline,61.0,0.0,0.0,0.0,-26.749985486268997
ucb_lcb_n_baseline,62.0,0.0,0.0,0.0,-70.89956796169281
ucb_lcb_n_baseline,63.0,0.0,0.0,0.0,-2.7407712936401367
ucb_lcb_n_baseline,71.0,0.0,0.0,0.0,-50.24295127391815
ucb_lcb_n_baseline,75.0,0.0,0.0,0.0,-1.5539257526397705
ucb_lcb_n_baseline,79.0,0.0,0.0,0.0,-23.04856789112091
ucb_lcb_n_baseline,80.0,0.0,0.0,0.0,-35.39235591888428
ucb_lcb_n_baseline,82.0,0.0,0.0,0.0,-103.59281587600708
ucb_lcb_n_baseline,83.0,0.0,0.0,0.0,-52.51785498857498
ucb_lcb_n_baseline,85.0,0.0,0.0,0.0,-5.190219402313232
ucb_lcb_n_baseline,86.0,0.0,0.0,0.0,-0.005769652780145407
ucb_lcb_n_baseline,91.0,0.0,0.0,0.0,-1.2082141637802124
ucb_lcb_n_baseline,93.0,0.0,0.0,0.0,-47.31926557421684
ucb_lcb_n_baseline,100.0,0.0,0.0,0.0,-22.15886154770851
ucb_lcb_n_baseline,103.0,0.0,0.0,0.0,-10.061472654342651
ucb_lcb_n_baseline,104.0,0.0,0.0,0.0,-12.147430658340454
ucb_lcb_n_baseline,105.0,0.0,0.0,0.0,-81.23140716552734
ucb_lcb_n_baseline,107.0,0.0,0.0,0.0,-1.9420617818832397
ucb_lcb_n_baseline,112.0,0.0,0.0,0.0,-1.8061578273773193
random,1.0,0.0,0.0,0.0,-4.795790672302246
random,15.0,0.0,0.0,0.0,-14.387372016906738
random,19.0,0.0,0.0,0.0,-9.591581344604492
random,20.0,0.0,0.0,0.0,-4.795790672302246
random,22.0,0.0,0.0,0.0,-119.89476680755615
random,24.0,0.0,0.0,0.0,-119.89476680755615
random,27.0,0.0,0.0,0.0,-119.89476680755615
random,30.0,0.0,0.0,0.0,-4.795790672302246
random,32.0,0.0,0.0,0.0,-4.795790672302246
random,46.0,0.0,0.0,0.0,-19.183162689208984
random,48.0,0.0,0.0,0.0,-119.89476680755615
random,51.0,0.0,0.0,0.0,-4.795790672302246
random,52.0,0.0,0.0,0.0,-4.795790672302246
random,53.0,0.0,0.0,0.0,-4.795790672302246
random,55.0,0.0,0.0,0.0,-4.795790672302246
random,56.0,0.0,0.0,0.0,-4.795790672302246
random,57.0,0.0,0.0,0.0,-95.91581344604492
random,59.0,0.0,0.0,0.0,-119.89476680755615
random,60.0,0.0,0.0,0.0,-43.162116050720215
random,61.0,0.0,0.0,0.0,-119.89476680755615
random,62.0,0.0,0.0,0.0,-119.89476680755615
random,63.0,0.0,0.0,0.0,-4.795790672302246
random,71.0,0.0,0.0,0.0,-119.89476680755615
random,75.0,0.0,0.0,0.0,-4.795790672302246
random,79.0,0.0,0.0,0.0,-33.57053470611572
random,80.0,0.0,0.0,0.0,-43.162116050720215
random,82.0,0.0,0.0,0.0,-119.89476680755615
random,83.0,0.0,0.0,0.0,-119.89476680755615
random,85.0,0.0,0.0,0.0,-4.795790672302246
random,86.0,0.0,0.0,0.0,-4.795790672302246
random,91.0,0.0,0.0,0.0,-4.795790672302246
random,93.0,0.0,0.0,0.0,-119.89476680755615
random,100.0,0.0,0.0,0.0,-119.89476680755615
random,103.0,0.0,0.0,0.0,-14.387372016906738
random,104.0,0.0,0.0,0.0,-14.387372016906738
random,105.0,0.0,0.0,0.0,-119.89476680755615
random,107.0,0.0,0.0,0.0,-4.795790672302246
random,112.0,0.0,0.0,0.0,-4.795790672302246
ucb_lcb_n_baseline,1.0,0.0,0.0,1.0,-110.32184624671936
ucb_lcb_n_baseline,15.0,0.0,0.0,1.0,-2.1754183769226074
ucb_lcb_n_baseline,19.0,0.0,0.0,1.0,-105.0377562046051
ucb_lcb_n_baseline,20.0,0.0,0.0,1.0,-12.215737581253052
ucb_lcb_n_baseline,22.0,0.0,0.0,1.0,-12.706186532974243
ucb_lcb_n_baseline,24.0,0.0,0.0,1.0,-7.1367340087890625
ucb_lcb_n_baseline,27.0,0.0,0.0,1.0,-49.38394659757614
ucb_lcb_n_baseline,30.0,0.0,0.0,1.0,-6.489593982696533
ucb_lcb_n_baseline,32.0,0.0,0.0,1.0,-1.9067156314849854
ucb_lcb_n_baseline,46.0,0.0,0.0,1.0,-47.88905143737793
ucb_lcb_n_baseline,48.0,0.0,0.0,1.0,-72.31646025180817
ucb_lcb_n_baseline,51.0,0.0,0.0,1.0,-1.9314428567886353
ucb_lcb_n_baseline,52.0,0.0,0.0,1.0,-17.780806938186288
ucb_lcb_n_baseline,53.0,0.0,0.0,1.0,-1.7289211750030518
ucb_lcb_n_baseline,55.0,0.0,0.0,1.0,-54.35718059539795
ucb_lcb_n_baseline,56.0,0.0,0.0,1.0,-32.33897638320923
ucb_lcb_n_baseline,57.0,0.0,0.0,1.0,-3.2531683444976807
ucb_lcb_n_baseline,59.0,0.0,0.0,1.0,-78.22727119922638
ucb_lcb_n_baseline,60.0,0.0,0.0,1.0,-20.675233125686646
ucb_lcb_n_baseline,61.0,0.0,0.0,1.0,-48.60354566574097
ucb_lcb_n_baseline,62.0,0.0,0.0,1.0,-1.5410723686218262
ucb_lcb_n_baseline,63.0,0.0,0.0,1.0,-86.69987618923187
ucb_lcb_n_baseline,71.0,0.0,0.0,1.0,-41.529192090034485
ucb_lcb_n_baseline,75.0,0.0,0.0,1.0,-48.626171231269836
ucb_lcb_n_baseline,79.0,0.0,0.0,1.0,-54.34359669685364
ucb_lcb_n_baseline,80.0,0.0,0.0,1.0,-14.576001644134521
ucb_lcb_n_baseline,82.0,0.0,0.0,1.0,-3.6179425716400146
ucb_lcb_n_baseline,83.0,0.0,0.0,1.0,-106.11279797554016
ucb_lcb_n_baseline,85.0,0.0,0.0,1.0,-1.0252338647842407
ucb_lcb_n_baseline,86.0,0.0,0.0,1.0,-0.010855946689844131
ucb_lcb_n_baseline,91.0,0.0,0.0,1.0,-5.121104717254639
ucb_lcb_n_baseline,93.0,0.0,0.0,1.0,-2.3753061294555664
ucb_lcb_n_baseline,100.0,0.0,0.0,1.0,-9.481219418346882
ucb_lcb_n_baseline,103.0,0.0,0.0,1.0,-27.1293163895607
ucb_lcb_n_baseline,104.0,0.0,0.0,1.0,-66.66232806444168
ucb_lcb_n_baseline,105.0,0.0,0.0,1.0,-14.251489877700806
ucb_lcb_n_baseline,107.0,0.0,0.0,1.0,-9.468766450881958
ucb_lcb_n_baseline,112.0,0.0,0.0,1.0,-20.439308524131775
random,1.0,0.0,0.0,1.0,-119.89476680755615
random,15.0,0.0,0.0,1.0,-4.795790672302246
random,19.0,0.0,0.0,1.0,-119.89476680755615
random,20.0,0.0,0.0,1.0,-19.183162689208984
random,22.0,0.0,0.0,1.0,-19.183162689208984
random,24.0,0.0,0.0,1.0,-9.591581344604492
random,27.0,0.0,0.0,1.0,-119.89476680755615
random,30.0,0.0,0.0,1.0,-4.795790672302246
random,32.0,0.0,0.0,1.0,-4.795790672302246
random,46.0,0.0,0.0,1.0,-119.89476680755615
random,48.0,0.0,0.0,1.0,-119.89476680755615
random,51.0,0.0,0.0,1.0,-4.795790672302246
random,52.0,0.0,0.0,1.0,-119.89476680755615
random,53.0,0.0,0.0,1.0,-4.795790672302246
random,55.0,0.0,0.0,1.0,-119.89476680755615
random,56.0,0.0,0.0,1.0,-43.162116050720215
random,57.0,0.0,0.0,1.0,-4.795790672302246
random,59.0,0.0,0.0,1.0,-119.89476680755615
random,60.0,0.0,0.0,1.0,-23.97895336151123
random,61.0,0.0,0.0,1.0,-119.89476680755615
random,62.0,0.0,0.0,1.0,-4.795790672302246
random,63.0,0.0,0.0,1.0,-119.89476680755615
random,71.0,0.0,0.0,1.0,-119.89476680755615
random,75.0,0.0,0.0,1.0,-119.89476680755615
random,79.0,0.0,0.0,1.0,-119.89476680755615
random,80.0,0.0,0.0,1.0,-19.183162689208984
random,82.0,0.0,0.0,1.0,-4.795790672302246
random,83.0,0.0,0.0,1.0,-119.89476680755615
random,85.0,0.0,0.0,1.0,-4.795790672302246
random,86.0,0.0,0.0,1.0,-119.89476680755615
random,91.0,0.0,0.0,1.0,-4.795790672302246
random,93.0,0.0,0.0,1.0,-4.795790672302246
random,100.0,0.0,0.0,1.0,-19.183162689208984
random,103.0,0.0,0.0,1.0,-119.89476680755615
random,104.0,0.0,0.0,1.0,-119.89476680755615
random,105.0,0.0,0.0,1.0,-19.183162689208984
random,107.0,0.0,0.0,1.0,-14.387372016906738
random,112.0,0.0,0.0,1.0,-119.89476680755615
ucb_lcb_n_baseline,1.0,0.0,0.0,2.0,-85.25044226646423
ucb_lcb_n_baseline,15.0,0.0,0.0,2.0,-19.027358055114746
ucb_lcb_n_baseline,19.0,0.0,0.0,2.0,-23.264879941940308
ucb_lcb_n_baseline,20.0,0.0,0.0,2.0,-1.6904914379119873
ucb_lcb_n_baseline,22.0,0.0,0.0,2.0,-49.23657166957855
ucb_lcb_n_baseline,24.0,0.0,0.0,2.0,-5.336130142211914
ucb_lcb_n_baseline,27.0,0.0,0.0,2.0,-31.206875264644623
ucb_lcb_n_baseline,30.0,0.0,0.0,2.0,-27.583287000656128
ucb_lcb_n_baseline,32.0,0.0,0.0,2.0,-1.3382002115249634
ucb_lcb_n_baseline,46.0,0.0,0.0,2.0,-62.64611925184727
ucb_lcb_n_baseline,48.0,0.0,0.0,2.0,-77.77117878198624
ucb_lcb_n_baseline,51.0,0.0,0.0,2.0,-1.7105716466903687
ucb_lcb_n_baseline,52.0,0.0,0.0,2.0,-12.7706996537745
ucb_lcb_n_baseline,53.0,0.0,0.0,2.0,-11.940755367279053
ucb_lcb_n_baseline,55.0,0.0,0.0,2.0,-57.92589807510376
ucb_lcb_n_baseline,56.0,0.0,0.0,2.0,-4.471645355224609
ucb_lcb_n_baseline,57.0,0.0,0.0,2.0,-3.2865302562713623
ucb_lcb_n_baseline,59.0,0.0,0.0,2.0,-68.02568984031677
ucb_lcb_n_baseline,60.0,0.0,0.0,2.0,-4.967430591583252
ucb_lcb_n_baseline,61.0,0.0,0.0,2.0,-52.38618278503418
ucb_lcb_n_baseline,62.0,0.0,0.0,2.0,-114.03091338276863
ucb_lcb_n_baseline,63.0,0.0,0.0,2.0,-2.6871392726898193
ucb_lcb_n_baseline,71.0,0.0,0.0,2.0,-11.516634464263916
ucb_lcb_n_baseline,75.0,0.0,0.0,2.0,-5.022147178649902
ucb_lcb_n_baseline,79.0,0.0,0.0,2.0,-106.137873779051
ucb_lcb_n_baseline,80.0,0.0,0.0,2.0,-4.930269718170166
ucb_lcb_n_baseline,82.0,0.0,0.0,2.0,-105.47806763648987
ucb_lcb_n_baseline,83.0,0.0,0.0,2.0,-92.43109428882599
ucb_lcb_n_baseline,85.0,0.0,0.0,2.0,-6.688810229301453
ucb_lcb_n_baseline,86.0,0.0,0.0,2.0,-0.002836969681084156
ucb_lcb_n_baseline,91.0,0.0,0.0,2.0,-35.56720733642578
ucb_lcb_n_baseline,93.0,0.0,0.0,2.0,-46.56081312894821
ucb_lcb_n_baseline,100.0,0.0,0.0,2.0,-6.617143541574478
ucb_lcb_n_baseline,103.0,0.0,0.0,2.0,-40.95555359125137
ucb_lcb_n_baseline,104.0,0.0,0.0,2.0,-67.91721200942993
ucb_lcb_n_baseline,105.0,0.0,0.0,2.0,-97.59757542610168
ucb_lcb_n_baseline,107.0,0.0,0.0,2.0,-52.17429330945015
ucb_lcb_n_baseline,112.0,0.0,0.0,2.0,-13.219117045402527
random,1.0,0.0,0.0,2.0,-119.89476680755615
random,15.0,0.0,0.0,2.0,-28.774744033813477
random,19.0,0.0,0.0,2.0,-28.774744033813477
random,20.0,0.0,0.0,2.0,-4.795790672302246
random,22.0,0.0,0.0,2.0,-119.89476680755615
random,24.0,0.0,0.0,2.0,-4.795790672302246
random,27.0,0.0,0.0,2.0,-119.89476680755615
random,30.0,0.0,0.0,2.0,-119.89476680755615
random,32.0,0.0,0.0,2.0,-4.795790672302246
random,46.0,0.0,0.0,2.0,-119.89476680755615
random,48.0,0.0,0.0,2.0,-119.89476680755615
random,51.0,0.0,0.0,2.0,-4.795790672302246
random,52.0,0.0,0.0,2.0,-119.89476680755615
random,53.0,0.0,0.0,2.0,-14.387372016906738
random,55.0,0.0,0.0,2.0,-119.89476680755615
random,56.0,0.0,0.0,2.0,-4.795790672302246
random,57.0,0.0,0.0,2.0,-4.795790672302246
random,59.0,0.0,0.0,2.0,-119.89476680755615
random,60.0,0.0,0.0,2.0,-4.795790672302246
random,61.0,0.0,0.0,2.0,-86.32423210144043
random,62.0,0.0,0.0,2.0,-119.89476680755615
random,63.0,0.0,0.0,2.0,-4.795790672302246
random,71.0,0.0,0.0,2.0,-9.591581344604492
random,75.0,0.0,0.0,2.0,-4.795790672302246
random,79.0,0.0,0.0,2.0,-119.89476680755615
random,80.0,0.0,0.0,2.0,-4.795790672302246
random,82.0,0.0,0.0,2.0,-119.89476680755615
random,83.0,0.0,0.0,2.0,-119.89476680755615
random,85.0,0.0,0.0,2.0,-9.591581344604492
random,86.0,0.0,0.0,2.0,-4.795790672302246
random,91.0,0.0,0.0,2.0,-119.89476680755615
random,93.0,0.0,0.0,2.0,-119.89476680755615
random,100.0,0.0,0.0,2.0,-14.387372016906738
random,103.0,0.0,0.0,2.0,-119.89476680755615
random,104.0,0.0,0.0,2.0,-119.89476680755615
random,105.0,0.0,0.0,2.0,-119.89476680755615
random,107.0,0.0,0.0,2.0,-119.89476680755615
random,112.0,0.0,0.0,2.0,-14.387372016906738
ucb_lcb_n_baseline,1.0,0.0,0.0,3.0,-3.5816445350646973
ucb_lcb_n_baseline,15.0,0.0,0.0,3.0,-36.2599835395813
ucb_lcb_n_baseline,19.0,0.0,0.0,3.0,-110.13874340057373
ucb_lcb_n_baseline,20.0,0.0,0.0,3.0,-1.9001054763793945
ucb_lcb_n_baseline,22.0,0.0,0.0,3.0,-4.922114849090576
ucb_lcb_n_baseline,24.0,0.0,0.0,3.0,-1.583937644958496
ucb_lcb_n_baseline,27.0,0.0,0.0,3.0,-41.20784741640091
ucb_lcb_n_baseline,30.0,0.0,0.0,3.0,-56.58660665899515
ucb_lcb_n_baseline,32.0,0.0,0.0,3.0,-14.651546880602837
ucb_lcb_n_baseline,46.0,0.0,0.0,3.0,-1.0871844291687012
ucb_lcb_n_baseline,48.0,0.0,0.0,3.0,-16.416603684425354
ucb_lcb_n_baseline,51.0,0.0,0.0,3.0,-9.91158151626587
ucb_lcb_n_baseline,52.0,0.0,0.0,3.0,-0.5923840999603271
ucb_lcb_n_baseline,53.0,0.0,0.0,3.0,-27.47200095653534
ucb_lcb_n_baseline,55.0,0.0,0.0,3.0,-5.061301231384277
ucb_lcb_n_baseline,56.0,0.0,0.0,3.0,-15.378727912902832
ucb_lcb_n_baseline,57.0,0.0,0.0,3.0,-3.0214569568634033
ucb_lcb_n_baseline,59.0,0.0,0.0,3.0,-59.977010667324066
ucb_lcb_n_baseline,60.0,0.0,0.0,3.0,-110.5760258436203
ucb_lcb_n_baseline,61.0,0.0,0.0,3.0,-47.151939868927
ucb_lcb_n_baseline,62.0,0.0,0.0,3.0,-6.702832341194153
ucb_lcb_n_baseline,63.0,0.0,0.0,3.0,0.0
ucb_lcb_n_baseline,71.0,0.0,0.0,3.0,-20.46909534558654
ucb_lcb_n_baseline,75.0,0.0,0.0,3.0,-5.208269119262695
ucb_lcb_n_baseline,79.0,0.0,0.0,3.0,-24.69729220867157
ucb_lcb_n_baseline,80.0,0.0,0.0,3.0,-102.4947726726532
ucb_lcb_n_baseline,82.0,0.0,0.0,3.0,-3.8172459602355957
ucb_lcb_n_baseline,83.0,0.0,0.0,3.0,-97.43458771705627
ucb_lcb_n_baseline,85.0,0.0,0.0,3.0,-5.506168842315674
ucb_lcb_n_baseline,86.0,0.0,0.0,3.0,-0.008012507314560935
ucb_lcb_n_baseline,91.0,0.0,0.0,3.0,-1.3622148036956787
ucb_lcb_n_baseline,93.0,0.0,0.0,3.0,-5.068060398101807
ucb_lcb_n_baseline,100.0,0.0,0.0,3.0,-51.71953412890434
ucb_lcb_n_baseline,103.0,0.0,0.0,3.0,-46.73142862319946
ucb_lcb_n_baseline,104.0,0.0,0.0,3.0,-21.563547372817993
ucb_lcb_n_baseline,105.0,0.0,0.0,3.0,-90.24266201257706
ucb_lcb_n_baseline,107.0,0.0,0.0,3.0,-16.345863103866577
ucb_lcb_n_baseline,112.0,0.0,0.0,3.0,-1.2483285665512085
random,1.0,0.0,0.0,3.0,-4.795790672302246
random,15.0,0.0,0.0,3.0,-47.95790672302246
random,19.0,0.0,0.0,3.0,-119.89476680755615
random,20.0,0.0,0.0,3.0,-4.795790672302246
random,22.0,0.0,0.0,3.0,-4.795790672302246
random,24.0,0.0,0.0,3.0,-4.795790672302246
random,27.0,0.0,0.0,3.0,-119.89476680755615
random,30.0,0.0,0.0,3.0,-119.89476680755615
random,32.0,0.0,0.0,3.0,-119.89476680755615
random,46.0,0.0,0.0,3.0,-4.795790672302246
random,48.0,0.0,0.0,3.0,-19.183162689208984
random,51.0,0.0,0.0,3.0,-9.591581344604492
random,52.0,0.0,0.0,3.0,-4.795790672302246
random,53.0,0.0,0.0,3.0,-47.95790672302246
random,55.0,0.0,0.0,3.0,-4.795790672302246
random,56.0,0.0,0.0,3.0,-14.387372016906738
random,57.0,0.0,0.0,3.0,-4.795790672302246
random,59.0,0.0,0.0,3.0,-119.89476680755615
random,60.0,0.0,0.0,3.0,-119.89476680755615
random,61.0,0.0,0.0,3.0,-119.89476680755615
random,62.0,0.0,0.0,3.0,-9.591581344604492
random,63.0,0.0,0.0,3.0,0.0
random,71.0,0.0,0.0,3.0,-119.89476680755615
random,75.0,0.0,0.0,3.0,-4.795790672302246
random,79.0,0.0,0.0,3.0,-33.57053470611572
random,80.0,0.0,0.0,3.0,-119.89476680755615
random,82.0,0.0,0.0,3.0,-4.795790672302246
random,83.0,0.0,0.0,3.0,-119.89476680755615
random,85.0,0.0,0.0,3.0,-4.795790672302246
random,86.0,0.0,0.0,3.0,-119.89476680755615
random,91.0,0.0,0.0,3.0,-4.795790672302246
random,93.0,0.0,0.0,3.0,-4.795790672302246
random,100.0,0.0,0.0,3.0,-110.30318546295166
random,103.0,0.0,0.0,3.0,-119.89476680755615
random,104.0,0.0,0.0,3.0,-28.774744033813477
random,105.0,0.0,0.0,3.0,-119.89476680755615
random,107.0,0.0,0.0,3.0,-23.97895336151123
random,112.0,0.0,0.0,3.0,-4.795790672302246
ucb_lcb_n_baseline,1.0,0.0,0.0,4.0,-4.917418003082275
ucb_lcb_n_baseline,15.0,0.0,0.0,4.0,-2.718690872192383
ucb_lcb_n_baseline,19.0,0.0,0.0,4.0,-18.816582441329956
ucb_lcb_n_baseline,20.0,0.0,0.0,4.0,-1.5235120058059692
ucb_lcb_n_baseline,22.0,0.0,0.0,4.0,-3.091003894805908
ucb_lcb_n_baseline,24.0,0.0,0.0,4.0,-15.306701898574829
ucb_lcb_n_baseline,27.0,0.0,0.0,4.0,-43.167511105537415
ucb_lcb_n_baseline,30.0,0.0,0.0,4.0,-10.357777714729309
ucb_lcb_n_baseline,32.0,0.0,0.0,4.0,-27.78435653448105
ucb_lcb_n_baseline,46.0,0.0,0.0,4.0,-60.03812037408352
ucb_lcb_n_baseline,48.0,0.0,0.0,4.0,-74.03372049331665
ucb_lcb_n_baseline,51.0,0.0,0.0,4.0,-1.076404094696045
ucb_lcb_n_baseline,52.0,0.0,0.0,4.0,-7.039046764373779
ucb_lcb_n_baseline,53.0,0.0,0.0,4.0,-13.93006706237793
ucb_lcb_n_baseline,55.0,0.0,0.0,4.0,-57.5999361872673
ucb_lcb_n_baseline,56.0,0.0,0.0,4.0,-1.797247290611267
ucb_lcb_n_baseline,57.0,0.0,0.0,4.0,-5.0017828941345215
ucb_lcb_n_baseline,59.0,0.0,0.0,4.0,-15.351943254470825
ucb_lcb_n_baseline,60.0,0.0,0.0,4.0,-105.90983390808105
ucb_lcb_n_baseline,61.0,0.0,0.0,4.0,-3.629603385925293
ucb_lcb_n_baseline,62.0,0.0,0.0,4.0,-41.0179762840271
ucb_lcb_n_baseline,63.0,0.0,0.0,4.0,-4.941253185272217
ucb_lcb_n_baseline,71.0,0.0,0.0,4.0,-7.66502183675766
ucb_lcb_n_baseline,75.0,0.0,0.0,4.0,-5.07292366027832
ucb_lcb_n_baseline,79.0,0.0,0.0,4.0,-51.69447684288025
ucb_lcb_n_baseline,80.0,0.0,0.0,4.0,-111.67807042598724
ucb_lcb_n_baseline,82.0,0.0,0.0,4.0,-103.2456533908844
ucb_lcb_n_baseline,83.0,0.0,0.0,4.0,-63.60460865497589
ucb_lcb_n_baseline,85.0,0.0,0.0,4.0,-6.92811381816864
ucb_lcb_n_baseline,86.0,0.0,0.0,4.0,-0.05421084281988442
ucb_lcb_n_baseline,91.0,0.0,0.0,4.0,-1.1546345949172974
ucb_lcb_n_baseline,93.0,0.0,0.0,4.0,-39.73685672879219
ucb_lcb_n_baseline,100.0,0.0,0.0,4.0,-41.264511823654175
ucb_lcb_n_baseline,103.0,0.0,0.0,4.0,-39.5925572514534
ucb_lcb_n_baseline,104.0,0.0,0.0,4.0,-69.30470955371857
ucb_lcb_n_baseline,105.0,0.0,0.0,4.0,-34.79620981216431
ucb_lcb_n_baseline,107.0,0.0,0.0,4.0,-63.74368453025818
ucb_lcb_n_baseline,112.0,0.0,0.0,4.0,-7.720867920666933
random,1.0,0.0,0.0,4.0,-4.795790672302246
random,15.0,0.0,0.0,4.0,-4.795790672302246
random,19.0,0.0,0.0,4.0,-23.97895336151123
random,20.0,0.0,0.0,4.0,-4.795790672302246
random,22.0,0.0,0.0,4.0,-4.795790672302246
random,24.0,0.0,0.0,4.0,-28.774744033813477
random,27.0,0.0,0.0,4.0,-119.89476680755615
random,30.0,0.0,0.0,4.0,-14.387372016906738
random,32.0,0.0,0.0,4.0,-119.89476680755615
random,46.0,0.0,0.0,4.0,-119.89476680755615
random,48.0,0.0,0.0,4.0,-119.89476680755615
random,51.0,0.0,0.0,4.0,-4.795790672302246
random,52.0,0.0,0.0,4.0,-9.591581344604492
random,53.0,0.0,0.0,4.0,-14.387372016906738
random,55.0,0.0,0.0,4.0,-119.89476680755615
random,56.0,0.0,0.0,4.0,-4.795790672302246
random,57.0,0.0,0.0,4.0,-4.795790672302246
random,59.0,0.0,0.0,4.0,-19.183162689208984
random,60.0,0.0,0.0,4.0,-119.89476680755615
random,61.0,0.0,0.0,4.0,-4.795790672302246
random,62.0,0.0,0.0,4.0,-47.95790672302246
random,63.0,0.0,0.0,4.0,-4.795790672302246
random,71.0,0.0,0.0,4.0,-14.387372016906738
random,75.0,0.0,0.0,4.0,-4.795790672302246
random,79.0,0.0,0.0,4.0,-119.89476680755615
random,80.0,0.0,0.0,4.0,-119.89476680755615
random,82.0,0.0,0.0,4.0,-119.89476680755615
random,83.0,0.0,0.0,4.0,-119.89476680755615
random,85.0,0.0,0.0,4.0,-9.591581344604492
random,86.0,0.0,0.0,4.0,-119.89476680755615
random,91.0,0.0,0.0,4.0,-4.795790672302246
random,93.0,0.0,0.0,4.0,-119.89476680755615
random,100.0,0.0,0.0,4.0,-119.89476680755615
random,103.0,0.0,0.0,4.0,-52.75369739532471
random,104.0,0.0,0.0,4.0,-119.89476680755615
random,105.0,0.0,0.0,4.0,-43.162116050720215
random,107.0,0.0,0.0,4.0,-119.89476680755615
random,112.0,0.0,0.0,4.0,-119.89476680755615
ucb_lcb_n_baseline,1.0,0.0,1.0,0.0,-7.219767808914185
ucb_lcb_n_baseline,15.0,0.0,1.0,0.0,-54.61652362346649
ucb_lcb_n_baseline,19.0,0.0,1.0,0.0,-99.07428526878357
ucb_lcb_n_baseline,20.0,0.0,1.0,0.0,-0.00010002159251598641
ucb_lcb_n_baseline,22.0,0.0,1.0,0.0,-9.027561902999878
ucb_lcb_n_baseline,24.0,0.0,1.0,0.0,-38.194284439086914
ucb_lcb_n_baseline,27.0,0.0,1.0,0.0,-6.300277948379517
ucb_lcb_n_baseline,30.0,0.0,1.0,0.0,-31.232178442180157
ucb_lcb_n_baseline,32.0,0.0,1.0,0.0,-1.4009674787521362
ucb_lcb_n_baseline,46.0,0.0,1.0,0.0,-75.7237736582756
ucb_lcb_n_baseline,48.0,0.0,1.0,0.0,-29.537428617477417
ucb_lcb_n_baseline,51.0,0.0,1.0,0.0,-19.372709274291992
ucb_lcb_n_baseline,52.0,0.0,1.0,0.0,-2.4793007373809814
ucb_lcb_n_baseline,53.0,0.0,1.0,0.0,-93.99163150787354
ucb_lcb_n_baseline,55.0,0.0,1.0,0.0,-53.775602877140045
ucb_lcb_n_baseline,56.0,0.0,1.0,0.0,-1.532761812210083
ucb_lcb_n_baseline,57.0,0.0,1.0,0.0,-7.0244140625
ucb_lcb_n_baseline,59.0,0.0,1.0,0.0,-33.33089055120945
ucb_lcb_n_baseline,60.0,0.0,1.0,0.0,-99.21843206882477
ucb_lcb_n_baseline,61.0,0.0,1.0,0.0,-22.730881690979004
ucb_lcb_n_baseline,62.0,0.0,1.0,0.0,-108.54391264915466
ucb_lcb_n_baseline,63.0,0.0,1.0,0.0,-5.0675249099731445
ucb_lcb_n_baseline,71.0,0.0,1.0,0.0,-18.770288467407227
ucb_lcb_n_baseline,75.0,0.0,1.0,0.0,-26.843747317790985
ucb_lcb_n_baseline,79.0,0.0,1.0,0.0,-97.24324893951416
ucb_lcb_n_baseline,80.0,0.0,1.0,0.0,-3.177133798599243
ucb_lcb_n_baseline,82.0,0.0,1.0,0.0,-4.164298057556152
ucb_lcb_n_baseline,83.0,0.0,1.0,0.0,-79.39948654174805
ucb_lcb_n_baseline,85.0,0.0,1.0,0.0,-1.3236192464828491
ucb_lcb_n_baseline,86.0,0.0,1.0,0.0,-0.0025005398128996603
ucb_lcb_n_baseline,91.0,0.0,1.0,0.0,-1.0073602199554443
ucb_lcb_n_baseline,93.0,0.0,1.0,0.0,-2.2506134510040283
ucb_lcb_n_baseline,100.0,0.0,1.0,0.0,-37.46994526684284
ucb_lcb_n_baseline,103.0,0.0,1.0,0.0,-47.51541054993868
ucb_lcb_n_baseline,104.0,0.0,1.0,0.0,-64.39073503017426
ucb_lcb_n_baseline,105.0,0.0,1.0,0.0,-89.51442003250122
ucb_lcb_n_baseline,107.0,0.0,1.0,0.0,-58.63616353273392
ucb_lcb_n_baseline,112.0,0.0,1.0,0.0,-7.667545270174742
random,1.0,0.0,1.0,0.0,-9.591581344604492
random,15.0,0.0,1.0,0.0,-71.93686008453369
random,19.0,0.0,1.0,0.0,-119.89476680755615
random,20.0,0.0,1.0,0.0,-4.795790672302246
random,22.0,0.0,1.0,0.0,-14.387372016906738
random,24.0,0.0,1.0,0.0,-71.93686008453369
random,27.0,0.0,1.0,0.0,-9.591581344604492
random,30.0,0.0,1.0,0.0,-119.89476680755615
random,32.0,0.0,1.0,0.0,-4.795790672302246
random,46.0,0.0,1.0,0.0,-119.89476680755615
random,48.0,0.0,1.0,0.0,-38.36632537841797
random,51.0,0.0,1.0,0.0,-23.97895336151123
random,52.0,0.0,1.0,0.0,-4.795790672302246
random,53.0,0.0,1.0,0.0,-119.89476680755615
random,55.0,0.0,1.0,0.0,-119.89476680755615
random,56.0,0.0,1.0,0.0,-4.795790672302246
random,57.0,0.0,1.0,0.0,-9.591581344604492
random,59.0,0.0,1.0,0.0,-119.89476680755615
random,60.0,0.0,1.0,0.0,-119.89476680755615
random,61.0,0.0,1.0,0.0,-47.95790672302246
random,62.0,0.0,1.0,0.0,-119.89476680755615
random,63.0,0.0,1.0,0.0,-4.795790672302246
random,71.0,0.0,1.0,0.0,-14.387372016906738
random,75.0,0.0,1.0,0.0,-119.89476680755615
random,79.0,0.0,1.0,0.0,-119.89476680755615
random,80.0,0.0,1.0,0.0,-4.795790672302246
random,82.0,0.0,1.0,0.0,-4.795790672302246
random,83.0,0.0,1.0,0.0,-86.32423210144043
random,85.0,0.0,1.0,0.0,-4.795790672302246
random,86.0,0.0,1.0,0.0,-119.89476680755615
random,91.0,0.0,1.0,0.0,-4.795790672302246
random,93.0,0.0,1.0,0.0,-4.795790672302246
random,100.0,0.0,1.0,0.0,-119.89476680755615
random,103.0,0.0,1.0,0.0,-119.89476680755615
random,104.0,0.0,1.0,0.0,-119.89476680755615
random,105.0,0.0,1.0,0.0,-119.89476680755615
random,107.0,0.0,1.0,0.0,-119.89476680755615
random,112.0,0.0,1.0,0.0,-119.89476680755615
ucb_lcb_n_baseline,1.0,0.0,1.0,1.0,-46.22869300842285
ucb_lcb_n_baseline,15.0,0.0,1.0,1.0,-2.44954252243042
ucb_lcb_n_baseline,19.0,0.0,1.0,1.0,-51.314682483673096
ucb_lcb_n_baseline,20.0,0.0,1.0,1.0,-0.00010002159251598641
ucb_lcb_n_baseline,22.0,0.0,1.0,1.0,-5.162076950073242
ucb_lcb_n_baseline,24.0,0.0,1.0,1.0,-0.20992355002090335
ucb_lcb_n_baseline,27.0,0.0,1.0,1.0,-173.33383459132165
ucb_lcb_n_baseline,30.0,0.0,1.0,1.0,-2.181013345718384
ucb_lcb_n_baseline,32.0,0.0,1.0,1.0,-5.419429779052734
ucb_lcb_n_baseline,46.0,0.0,1.0,1.0,-5.266757011413574
ucb_lcb_n_baseline,48.0,0.0,1.0,1.0,-70.33930599689484
ucb_lcb_n_baseline,51.0,0.0,1.0,1.0,-7.252115249633789
ucb_lcb_n_baseline,52.0,0.0,1.0,1.0,-22.425227165222168
ucb_lcb_n_baseline,53.0,0.0,1.0,1.0,-35.09559416770935
ucb_lcb_n_baseline,55.0,0.0,1.0,1.0,-76.5995124578476
ucb_lcb_n_baseline,56.0,0.0,1.0,1.0,-5.456564426422119
ucb_lcb_n_baseline,57.0,0.0,1.0,1.0,-88.03668475151062
ucb_lcb_n_baseline,59.0,0.0,1.0,1.0,-15.280871570110321
ucb_lcb_n_baseline,60.0,0.0,1.0,1.0,-97.19984698295593
ucb_lcb_n_baseline,61.0,0.0,1.0,1.0,0.0
ucb_lcb_n_baseline,62.0,0.0,1.0,1.0,-2.682896375656128
ucb_lcb_n_baseline,63.0,0.0,1.0,1.0,-3.5708911418914795
ucb_lcb_n_baseline,71.0,0.0,1.0,1.0,-2.443432331085205
ucb_lcb_n_baseline,75.0,0.0,1.0,1.0,-1.321359395980835
ucb_lcb_n_baseline,79.0,0.0,1.0,1.0,-46.39672499895096
ucb_lcb_n_baseline,80.0,0.0,1.0,1.0,-94.90656995773315
ucb_lcb_n_baseline,82.0,0.0,1.0,1.0,-4.893086910247803
ucb_lcb_n_baseline,83.0,0.0,1.0,1.0,-26.617698907852173
ucb_lcb_n_baseline,85.0,0.0,1.0,1.0,-12.598721504211426
ucb_lcb_n_baseline,86.0,0.0,1.0,1.0,-0.0025005398128996603
ucb_lcb_n_baseline,91.0,0.0,1.0,1.0,-35.047488033771515
ucb_lcb_n_baseline,93.0,0.0,1.0,1.0,-53.270625203847885
ucb_lcb_n_baseline,100.0,0.0,1.0,1.0,-33.24241882562637
ucb_lcb_n_baseline,103.0,0.0,1.0,1.0,-16.93898569047451
ucb_lcb_n_baseline,104.0,0.0,1.0,1.0,-80.37428832054138
ucb_lcb_n_baseline,105.0,0.0,1.0,1.0,-51.06038546562195
ucb_lcb_n_baseline,107.0,0.0,1.0,1.0,-37.95865446329117
ucb_lcb_n_baseline,112.0,0.0,1.0,1.0,-7.731094965711236
random,1.0,0.0,1.0,1.0,-119.89476680755615
random,15.0,0.0,1.0,1.0,-4.795790672302246
random,19.0,0.0,1.0,1.0,-62.3452787399292
random,20.0,0.0,1.0,1.0,-4.795790672302246
random,22.0,0.0,1.0,1.0,-4.795790672302246
random,24.0,0.0,1.0,1.0,-119.89476680755615
random,27.0,0.0,1.0,1.0,-119.89476680755615
random,30.0,0.0,1.0,1.0,-4.795790672302246
random,32.0,0.0,1.0,1.0,-4.795790672302246
random,46.0,0.0,1.0,1.0,-4.795790672302246
random,48.0,0.0,1.0,1.0,-119.89476680755615
random,51.0,0.0,1.0,1.0,-9.591581344604492
random,52.0,0.0,1.0,1.0,-23.97895336151123
random,53.0,0.0,1.0,1.0,-43.162116050720215
random,55.0,0.0,1.0,1.0,-119.89476680755615
random,56.0,0.0,1.0,1.0,-4.795790672302246
random,57.0,0.0,1.0,1.0,-91.12002277374268
random,59.0,0.0,1.0,1.0,-119.89476680755615
random,60.0,0.0,1.0,1.0,-119.89476680755615
random,61.0,0.0,1.0,1.0,0.0
random,62.0,0.0,1.0,1.0,-4.795790672302246
random,63.0,0.0,1.0,1.0,-9.591581344604492
random,71.0,0.0,1.0,1.0,-4.795790672302246
random,75.0,0.0,1.0,1.0,-4.795790672302246
random,79.0,0.0,1.0,1.0,-119.89476680755615
random,80.0,0.0,1.0,1.0,-119.89476680755615
random,82.0,0.0,1.0,1.0,-4.795790672302246
random,83.0,0.0,1.0,1.0,-38.36632537841797
random,85.0,0.0,1.0,1.0,-14.387372016906738
random,86.0,0.0,1.0,1.0,-119.89476680755615
random,91.0,0.0,1.0,1.0,-119.89476680755615
random,93.0,0.0,1.0,1.0,-119.89476680755615
random,100.0,0.0,1.0,1.0,-119.89476680755615
random,103.0,0.0,1.0,1.0,-119.89476680755615
random,104.0,0.0,1.0,1.0,-119.89476680755615
random,105.0,0.0,1.0,1.0,-57.54948806762695
random,107.0,0.0,1.0,1.0,-119.89476680755615
random,112.0,0.0,1.0,1.0,-119.89476680755615
ucb_lcb_n_baseline,1.0,0.0,1.0,2.0,-1.960119366645813
ucb_lcb_n_baseline,15.0,0.0,1.0,2.0,-73.59482955932617
ucb_lcb_n_baseline,19.0,0.0,1.0,2.0,-106.47293639183044
ucb_lcb_n_baseline,20.0,0.0,1.0,2.0,-11.478845638564962
ucb_lcb_n_baseline,22.0,0.0,1.0,2.0,-54.90127032995224
ucb_lcb_n_baseline,24.0,0.0,1.0,2.0,-0.21584196295589209
ucb_lcb_n_baseline,27.0,0.0,1.0,2.0,-67.45013773441315
ucb_lcb_n_baseline,30.0,0.0,1.0,2.0,-7.580345153808594
ucb_lcb_n_baseline,32.0,0.0,1.0,2.0,-1.6835310459136963
ucb_lcb_n_baseline,46.0,0.0,1.0,2.0,-14.635490536689758
ucb_lcb_n_baseline,48.0,0.0,1.0,2.0,-9.421484470367432
ucb_lcb_n_baseline,51.0,0.0,1.0,2.0,-32.838618755340576
ucb_lcb_n_baseline,52.0,0.0,1.0,2.0,-5.078285217285156
ucb_lcb_n_baseline,53.0,0.0,1.0,2.0,-37.11490201950073
ucb_lcb_n_baseline,55.0,0.0,1.0,2.0,-68.91852045059204
ucb_lcb_n_baseline,56.0,0.0,1.0,2.0,-6.7190258502960205
ucb_lcb_n_baseline,57.0,0.0,1.0,2.0,-15.208696603775024
ucb_lcb_n_baseline,59.0,0.0,1.0,2.0,-2.2479376792907715
ucb_lcb_n_baseline,60.0,0.0,1.0,2.0,-3.6548774242401123
ucb_lcb_n_baseline,61.0,0.0,1.0,2.0,-44.00298184156418
ucb_lcb_n_baseline,62.0,0.0,1.0,2.0,-7.751425743103027
ucb_lcb_n_baseline,63.0,0.0,1.0,2.0,-12.26335096359253
ucb_lcb_n_baseline,71.0,0.0,1.0,2.0,-3.378743641078472
ucb_lcb_n_baseline,75.0,0.0,1.0,2.0,-1.6523354053497314
ucb_lcb_n_baseline,79.0,0.0,1.0,2.0,-40.51230597496033
ucb_lcb_n_baseline,80.0,0.0,1.0,2.0,-3.139697313308716
ucb_lcb_n_baseline,82.0,0.0,1.0,2.0,-110.89110612869263
ucb_lcb_n_baseline,83.0,0.0,1.0,2.0,-49.727829813957214
ucb_lcb_n_baseline,85.0,0.0,1.0,2.0,-1.8621325492858887
ucb_lcb_n_baseline,86.0,0.0,1.0,2.0,-0.0025005398128996603
ucb_lcb_n_baseline,91.0,0.0,1.0,2.0,-5.255624294281006
ucb_lcb_n_baseline,93.0,0.0,1.0,2.0,-35.70041513442993
ucb_lcb_n_baseline,100.0,0.0,1.0,2.0,-3.9455180764198303
ucb_lcb_n_baseline,103.0,0.0,1.0,2.0,-40.04999083280563
ucb_lcb_n_baseline,104.0,0.0,1.0,2.0,-58.71804404258728
ucb_lcb_n_baseline,105.0,0.0,1.0,2.0,-82.08661437034607
ucb_lcb_n_baseline,107.0,0.0,1.0,2.0,-8.784373044967651
ucb_lcb_n_baseline,112.0,0.0,1.0,2.0,-5.961389541625977
random,1.0,0.0,1.0,2.0,-4.795790672302246
random,15.0,0.0,1.0,2.0,-119.89476680755615
random,19.0,0.0,1.0,2.0,-119.89476680755615
random,20.0,0.0,1.0,2.0,-38.36632537841797
random,22.0,0.0,1.0,2.0,-119.89476680755615
random,24.0,0.0,1.0,2.0,-119.89476680755615
random,27.0,0.0,1.0,2.0,-119.89476680755615
random,30.0,0.0,1.0,2.0,-9.591581344604492
random,32.0,0.0,1.0,2.0,-4.795790672302246
random,46.0,0.0,1.0,2.0,-19.183162689208984
random,48.0,0.0,1.0,2.0,-9.591581344604492
random,51.0,0.0,1.0,2.0,-43.162116050720215
random,52.0,0.0,1.0,2.0,-4.795790672302246
random,53.0,0.0,1.0,2.0,-47.95790672302246
random,55.0,0.0,1.0,2.0,-119.89476680755615
random,56.0,0.0,1.0,2.0,-9.591581344604492
random,57.0,0.0,1.0,2.0,-19.183162689208984
random,59.0,0.0,1.0,2.0,-4.795790672302246
random,60.0,0.0,1.0,2.0,-4.795790672302246
random,61.0,0.0,1.0,2.0,-119.89476680755615
random,62.0,0.0,1.0,2.0,-14.387372016906738
random,63.0,0.0,1.0,2.0,-19.183162689208984
random,71.0,0.0,1.0,2.0,-119.89476680755615
random,75.0,0.0,1.0,2.0,-4.795790672302246
random,79.0,0.0,1.0,2.0,-57.54948806762695
random,80.0,0.0,1.0,2.0,-4.795790672302246
random,82.0,0.0,1.0,2.0,-119.89476680755615
random,83.0,0.0,1.0,2.0,-119.89476680755615
random,85.0,0.0,1.0,2.0,-4.795790672302246
random,86.0,0.0,1.0,2.0,-119.89476680755615
random,91.0,0.0,1.0,2.0,-4.795790672302246
random,93.0,0.0,1.0,2.0,-119.89476680755615
random,100.0,0.0,1.0,2.0,-9.591581344604492
random,103.0,0.0,1.0,2.0,-119.89476680755615
random,104.0,0.0,1.0,2.0,-119.89476680755615
random,105.0,0.0,1.0,2.0,-119.89476680755615
random,107.0,0.0,1.0,2.0,-14.387372016906738
random,112.0,0.0,1.0,2.0,-4.795790672302246
ucb_lcb_n_baseline,1.0,0.0,1.0,3.0,-7.483629465103149
ucb_lcb_n_baseline,15.0,0.0,1.0,3.0,-94.80107501149178
ucb_lcb_n_baseline,19.0,0.0,1.0,3.0,-107.80314290523529
ucb_lcb_n_baseline,20.0,0.0,1.0,3.0,-15.067628842778504
ucb_lcb_n_baseline,22.0,0.0,1.0,3.0,-60.265821754932404
ucb_lcb_n_baseline,24.0,0.0,1.0,3.0,-0.002582207103841938
ucb_lcb_n_baseline,27.0,0.0,1.0,3.0,-63.318195104599
ucb_lcb_n_baseline,30.0,0.0,1.0,3.0,-14.177201986312866
ucb_lcb_n_baseline,32.0,0.0,1.0,3.0,-1.055823564529419
ucb_lcb_n_baseline,46.0,0.0,1.0,3.0,-14.967745304107666
ucb_lcb_n_baseline,48.0,0.0,1.0,3.0,-14.394280195236206
ucb_lcb_n_baseline,51.0,0.0,1.0,3.0,-5.047207355499268
ucb_lcb_n_baseline,52.0,0.0,1.0,3.0,-2.1321115493774414
ucb_lcb_n_baseline,53.0,0.0,1.0,3.0,-103.7710587978363
ucb_lcb_n_baseline,55.0,0.0,1.0,3.0,-2.914741039276123
ucb_lcb_n_baseline,56.0,0.0,1.0,3.0,-17.97080910205841
ucb_lcb_n_baseline,57.0,0.0,1.0,3.0,-25.555256843566895
ucb_lcb_n_baseline,59.0,0.0,1.0,3.0,-10.909071445465088
ucb_lcb_n_baseline,60.0,0.0,1.0,3.0,-97.39388036727905
ucb_lcb_n_baseline,61.0,0.0,1.0,3.0,-46.028297543525696
ucb_lcb_n_baseline,62.0,0.0,1.0,3.0,-9.445181846618652
ucb_lcb_n_baseline,63.0,0.0,1.0,3.0,-23.080791234970093
ucb_lcb_n_baseline,71.0,0.0,1.0,3.0,-31.769918352365494
ucb_lcb_n_baseline,75.0,0.0,1.0,3.0,-52.262761294841766
ucb_lcb_n_baseline,79.0,0.0,1.0,3.0,-47.889409720897675
ucb_lcb_n_baseline,80.0,0.0,1.0,3.0,-104.86525452136993
ucb_lcb_n_baseline,82.0,0.0,1.0,3.0,-3.5086939334869385
ucb_lcb_n_baseline,83.0,0.0,1.0,3.0,-94.10109788179398
ucb_lcb_n_baseline,85.0,0.0,1.0,3.0,-1.8021198511123657
ucb_lcb_n_baseline,86.0,0.0,1.0,3.0,-0.0030532556265825406
ucb_lcb_n_baseline,91.0,0.0,1.0,3.0,-1.3642749786376953
ucb_lcb_n_baseline,93.0,0.0,1.0,3.0,-33.801487416028976
ucb_lcb_n_baseline,100.0,0.0,1.0,3.0,-32.93066070973873
ucb_lcb_n_baseline,103.0,0.0,1.0,3.0,-37.216478765010834
ucb_lcb_n_baseline,104.0,0.0,1.0,3.0,-89.10821866989136
ucb_lcb_n_baseline,105.0,0.0,1.0,3.0,-99.74089503288269
ucb_lcb_n_baseline,107.0,0.0,1.0,3.0,-12.53619909286499
ucb_lcb_n_baseline,112.0,0.0,1.0,3.0,-1.35006844997406
random,1.0,0.0,1.0,3.0,-9.591581344604492
random,15.0,0.0,1.0,3.0,-119.89476680755615
random,19.0,0.0,1.0,3.0,-119.89476680755615
random,20.0,0.0,1.0,3.0,-119.89476680755615
random,22.0,0.0,1.0,3.0,-119.89476680755615
random,24.0,0.0,1.0,3.0,-119.89476680755615
random,27.0,0.0,1.0,3.0,-119.89476680755615
random,30.0,0.0,1.0,3.0,-119.89476680755615
random,32.0,0.0,1.0,3.0,-4.795790672302246
random,46.0,0.0,1.0,3.0,-14.387372016906738
random,48.0,0.0,1.0,3.0,-23.97895336151123
random,51.0,0.0,1.0,3.0,-4.795790672302246
random,52.0,0.0,1.0,3.0,-4.795790672302246
random,53.0,0.0,1.0,3.0,-119.89476680755615
random,55.0,0.0,1.0,3.0,-4.795790672302246
random,56.0,0.0,1.0,3.0,-28.774744033813477
random,57.0,0.0,1.0,3.0,-33.57053470611572
random,59.0,0.0,1.0,3.0,-9.591581344604492
random,60.0,0.0,1.0,3.0,-119.89476680755615
random,61.0,0.0,1.0,3.0,-119.89476680755615
random,62.0,0.0,1.0,3.0,-9.591581344604492
random,63.0,0.0,1.0,3.0,-28.774744033813477
random,71.0,0.0,1.0,3.0,-119.89476680755615
random,75.0,0.0,1.0,3.0,-119.89476680755615
random,79.0,0.0,1.0,3.0,-119.89476680755615
random,80.0,0.0,1.0,3.0,-119.89476680755615
random,82.0,0.0,1.0,3.0,-4.795790672302246
random,83.0,0.0,1.0,3.0,-119.89476680755615
random,85.0,0.0,1.0,3.0,-4.795790672302246
random,86.0,0.0,1.0,3.0,-119.89476680755615
random,91.0,0.0,1.0,3.0,-4.795790672302246
random,93.0,0.0,1.0,3.0,-119.89476680755615
random,100.0,0.0,1.0,3.0,-119.89476680755615
random,103.0,0.0,1.0,3.0,-119.89476680755615
random,104.0,0.0,1.0,3.0,-119.89476680755615
random,105.0,0.0,1.0,3.0,-119.89476680755615
random,107.0,0.0,1.0,3.0,-14.387372016906738
random,112.0,0.0,1.0,3.0,-4.795790672302246
ucb_lcb_n_baseline,1.0,0.0,1.0,4.0,-1.970106601715088
ucb_lcb_n_baseline,15.0,0.0,1.0,4.0,-55.68876767158508
ucb_lcb_n_baseline,19.0,0.0,1.0,4.0,-42.16851735115051
ucb_lcb_n_baseline,20.0,0.0,1.0,4.0,-0.0029168639157433063
ucb_lcb_n_baseline,22.0,0.0,1.0,4.0,-13.524511575698853
ucb_lcb_n_baseline,24.0,0.0,1.0,4.0,-0.7507930751889944
ucb_lcb_n_baseline,27.0,0.0,1.0,4.0,-69.70238769054413
ucb_lcb_n_baseline,30.0,0.0,1.0,4.0,-22.88608030229807
ucb_lcb_n_baseline,32.0,0.0,1.0,4.0,-13.646488189697266
ucb_lcb_n_baseline,46.0,0.0,1.0,4.0,-19.22807538509369
ucb_lcb_n_baseline,48.0,0.0,1.0,4.0,-32.41275370121002
ucb_lcb_n_baseline,51.0,0.0,1.0,4.0,-76.72503566741943
ucb_lcb_n_baseline,52.0,0.0,1.0,4.0,-0.9210196733474731
ucb_lcb_n_baseline,53.0,0.0,1.0,4.0,-60.187649965286255
ucb_lcb_n_baseline,55.0,0.0,1.0,4.0,-2.748145580291748
ucb_lcb_n_baseline,56.0,0.0,1.0,4.0,-10.496803283691406
ucb_lcb_n_baseline,57.0,0.0,1.0,4.0,-52.19825744628906
ucb_lcb_n_baseline,59.0,0.0,1.0,4.0,-5.081027030944824
ucb_lcb_n_baseline,60.0,0.0,1.0,4.0,-102.94430482387543
ucb_lcb_n_baseline,61.0,0.0,1.0,4.0,-3.260801315307617
ucb_lcb_n_baseline,62.0,0.0,1.0,4.0,-4.575968265533447
ucb_lcb_n_baseline,63.0,0.0,1.0,4.0,-5.161550045013428
ucb_lcb_n_baseline,71.0,0.0,1.0,4.0,-47.1327206492424
ucb_lcb_n_baseline,75.0,0.0,1.0,4.0,-19.153754472732544
ucb_lcb_n_baseline,79.0,0.0,1.0,4.0,-46.968454360961914
ucb_lcb_n_baseline,80.0,0.0,1.0,4.0,-2.9162473678588867
ucb_lcb_n_baseline,82.0,0.0,1.0,4.0,-88.8597629070282
ucb_lcb_n_baseline,83.0,0.0,1.0,4.0,-94.1053119301796
ucb_lcb_n_baseline,85.0,0.0,1.0,4.0,-5.110969066619873
ucb_lcb_n_baseline,86.0,0.0,1.0,4.0,-0.0025043549030669965
ucb_lcb_n_baseline,91.0,0.0,1.0,4.0,-5.4146552085876465
ucb_lcb_n_baseline,93.0,0.0,1.0,4.0,-10.23174524307251
ucb_lcb_n_baseline,100.0,0.0,1.0,4.0,-24.586627274751663
ucb_lcb_n_baseline,103.0,0.0,1.0,4.0,-32.681626111269
ucb_lcb_n_baseline,104.0,0.0,1.0,4.0,-34.5150990486145
ucb_lcb_n_baseline,105.0,0.0,1.0,4.0,-77.52252888679504
ucb_lcb_n_baseline,107.0,0.0,1.0,4.0,-7.007377862930298
ucb_lcb_n_baseline,112.0,0.0,1.0,4.0,-5.985717296600342
random,1.0,0.0,1.0,4.0,-4.795790672302246
random,15.0,0.0,1.0,4.0,-71.93686008453369
random,19.0,0.0,1.0,4.0,-52.75369739532471
random,20.0,0.0,1.0,4.0,-119.89476680755615
random,22.0,0.0,1.0,4.0,-19.183162689208984
random,24.0,0.0,1.0,4.0,-119.89476680755615
random,27.0,0.0,1.0,4.0,-119.89476680755615
random,30.0,0.0,1.0,4.0,-119.89476680755615
random,32.0,0.0,1.0,4.0,-19.183162689208984
random,46.0,0.0,1.0,4.0,-52.75369739532471
random,48.0,0.0,1.0,4.0,-52.75369739532471
random,51.0,0.0,1.0,4.0,-119.89476680755615
random,52.0,0.0,1.0,4.0,-4.795790672302246
random,53.0,0.0,1.0,4.0,-71.93686008453369
random,55.0,0.0,1.0,4.0,-4.795790672302246
random,56.0,0.0,1.0,4.0,-9.591581344604492
random,57.0,0.0,1.0,4.0,-67.14106941223145
random,59.0,0.0,1.0,4.0,-4.795790672302246
random,60.0,0.0,1.0,4.0,-119.89476680755615
random,61.0,0.0,1.0,4.0,-4.795790672302246
random,62.0,0.0,1.0,4.0,-4.795790672302246
random,63.0,0.0,1.0,4.0,-4.795790672302246
random,71.0,0.0,1.0,4.0,-119.89476680755615
random,75.0,0.0,1.0,4.0,-28.774744033813477
random,79.0,0.0,1.0,4.0,-62.3452787399292
random,80.0,0.0,1.0,4.0,-4.795790672302246
random,82.0,0.0,1.0,4.0,-119.89476680755615
random,83.0,0.0,1.0,4.0,-119.89476680755615
random,85.0,0.0,1.0,4.0,-4.795790672302246
random,86.0,0.0,1.0,4.0,-119.89476680755615
random,91.0,0.0,1.0,4.0,-4.795790672302246
random,93.0,0.0,1.0,4.0,-9.591581344604492
random,100.0,0.0,1.0,4.0,-119.89476680755615
random,103.0,0.0,1.0,4.0,-119.89476680755615
random,104.0,0.0,1.0,4.0,-43.162116050720215
random,105.0,0.0,1.0,4.0,-119.89476680755615
random,107.0,0.0,1.0,4.0,-9.591581344604492
random,112.0,0.0,1.0,4.0,-4.795790672302246
ucb_lcb_n_baseline,8.0,1.0,0.0,0.0,-41.949002489447594
ucb_lcb_n_baseline,9.0,1.0,0.0,0.0,-5.245516300201416
ucb_lcb_n_baseline,10.0,1.0,0.0,0.0,-31.772648200392723
ucb_lcb_n_baseline,13.0,1.0,0.0,0.0,-1.2592138051986694
ucb_lcb_n_baseline,14.0,1.0,0.0,0.0,-33.62595857679844
ucb_lcb_n_baseline,16.0,1.0,0.0,0.0,-7.888029523193836
ucb_lcb_n_baseline,18.0,1.0,0.0,0.0,-5.137768268585205
ucb_lcb_n_baseline,26.0,1.0,0.0,0.0,-5.111657619476318
ucb_lcb_n_baseline,29.0,1.0,0.0,0.0,-103.90994310379028
ucb_lcb_n_baseline,33.0,1.0,0.0,0.0,-45.494855642318726
ucb_lcb_n_baseline,34.0,1.0,0.0,0.0,-0.011278611316811293
ucb_lcb_n_baseline,35.0,1.0,0.0,0.0,-1.362897276878357
ucb_lcb_n_baseline,36.0,1.0,0.0,0.0,-53.765593349933624
ucb_lcb_n_baseline,38.0,1.0,0.0,0.0,-2.140178918838501
ucb_lcb_n_baseline,40.0,1.0,0.0,0.0,-5.280853271484375
ucb_lcb_n_baseline,41.0,1.0,0.0,0.0,-57.173281610012054
ucb_lcb_n_baseline,42.0,1.0,0.0,0.0,-18.69879698753357
ucb_lcb_n_baseline,43.0,1.0,0.0,0.0,-5.003716468811035
ucb_lcb_n_baseline,44.0,1.0,0.0,0.0,-12.133675545454025
ucb_lcb_n_baseline,47.0,1.0,0.0,0.0,-42.45684424042702
ucb_lcb_n_baseline,54.0,1.0,0.0,0.0,-2.607896089553833
ucb_lcb_n_baseline,58.0,1.0,0.0,0.0,-23.354010343551636
ucb_lcb_n_baseline,67.0,1.0,0.0,0.0,-4.936017990112305
ucb_lcb_n_baseline,69.0,1.0,0.0,0.0,-2.594388961791992
ucb_lcb_n_baseline,72.0,1.0,0.0,0.0,-107.33073782920837
ucb_lcb_n_baseline,74.0,1.0,0.0,0.0,-94.87912690639496
ucb_lcb_n_baseline,76.0,1.0,0.0,0.0,-6.85701847076416
ucb_lcb_n_baseline,78.0,1.0,0.0,0.0,-22.579856872558594
ucb_lcb_n_baseline,81.0,1.0,0.0,0.0,-9.716932773590088
ucb_lcb_n_baseline,90.0,1.0,0.0,0.0,-4.778237342834473
ucb_lcb_n_baseline,92.0,1.0,0.0,0.0,-74.53864580392838
ucb_lcb_n_baseline,94.0,1.0,0.0,0.0,-9.145636677742004
ucb_lcb_n_baseline,95.0,1.0,0.0,0.0,-7.608077764511108
ucb_lcb_n_baseline,96.0,1.0,0.0,0.0,-51.06615686416626
ucb_lcb_n_baseline,102.0,1.0,0.0,0.0,-3.5427629947662354
ucb_lcb_n_baseline,106.0,1.0,0.0,0.0,-4.943999290466309
ucb_lcb_n_baseline,113.0,1.0,0.0,0.0,-36.51970458030701
random,8.0,1.0,0.0,0.0,-119.89476680755615
random,9.0,1.0,0.0,0.0,-4.795790672302246
random,10.0,1.0,0.0,0.0,-119.89476680755615
random,13.0,1.0,0.0,0.0,-4.795790672302246
random,14.0,1.0,0.0,0.0,-119.89476680755615
random,16.0,1.0,0.0,0.0,-119.89476680755615
random,18.0,1.0,0.0,0.0,-4.795790672302246
random,26.0,1.0,0.0,0.0,-4.795790672302246
random,29.0,1.0,0.0,0.0,-119.89476680755615
random,33.0,1.0,0.0,0.0,-52.75369739532471
random,34.0,1.0,0.0,0.0,-119.89476680755615
random,35.0,1.0,0.0,0.0,-4.795790672302246
random,36.0,1.0,0.0,0.0,-119.89476680755615
random,38.0,1.0,0.0,0.0,-4.795790672302246
random,40.0,1.0,0.0,0.0,-4.795790672302246
random,41.0,1.0,0.0,0.0,-119.89476680755615
random,42.0,1.0,0.0,0.0,-19.183162689208984
random,43.0,1.0,0.0,0.0,-4.795790672302246
random,44.0,1.0,0.0,0.0,-119.89476680755615
random,47.0,1.0,0.0,0.0,-119.89476680755615
random,54.0,1.0,0.0,0.0,-4.795790672302246
random,58.0,1.0,0.0,0.0,-33.57053470611572
random,67.0,1.0,0.0,0.0,-4.795790672302246
random,69.0,1.0,0.0,0.0,-4.795790672302246
random,72.0,1.0,0.0,0.0,-119.89476680755615
random,74.0,1.0,0.0,0.0,-119.89476680755615
random,76.0,1.0,0.0,0.0,-4.795790672302246
random,78.0,1.0,0.0,0.0,-33.57053470611572
random,81.0,1.0,0.0,0.0,-9.591581344604492
random,90.0,1.0,0.0,0.0,-4.795790672302246
random,92.0,1.0,0.0,0.0,-119.89476680755615
random,94.0,1.0,0.0,0.0,-14.387372016906738
random,95.0,1.0,0.0,0.0,-9.591581344604492
random,96.0,1.0,0.0,0.0,-67.14106941223145
random,102.0,1.0,0.0,0.0,-4.795790672302246
random,106.0,1.0,0.0,0.0,-4.795790672302246
random,113.0,1.0,0.0,0.0,-119.89476680755615
ucb_lcb_n_baseline,8.0,1.0,0.0,1.0,-27.62987469881773
ucb_lcb_n_baseline,9.0,1.0,0.0,1.0,-2.0257506370544434
ucb_lcb_n_baseline,10.0,1.0,0.0,1.0,-5.319770336151123
ucb_lcb_n_baseline,13.0,1.0,0.0,1.0,-1.992202877998352
ucb_lcb_n_baseline,14.0,1.0,0.0,1.0,-1.9088115692138672
ucb_lcb_n_baseline,16.0,1.0,0.0,1.0,-1.4999061822891235
ucb_lcb_n_baseline,18.0,1.0,0.0,1.0,-55.17537075281143
ucb_lcb_n_baseline,26.0,1.0,0.0,1.0,-7.312762022018433
ucb_lcb_n_baseline,29.0,1.0,0.0,1.0,-99.65367460250854
ucb_lcb_n_baseline,33.0,1.0,0.0,1.0,-4.555955410003662
ucb_lcb_n_baseline,34.0,1.0,0.0,1.0,-0.008015785715542734
ucb_lcb_n_baseline,35.0,1.0,0.0,1.0,-1.9599621295928955
ucb_lcb_n_baseline,36.0,1.0,0.0,1.0,-52.64376521110535
ucb_lcb_n_baseline,38.0,1.0,0.0,1.0,-56.196412086486816
ucb_lcb_n_baseline,40.0,1.0,0.0,1.0,-2.178727149963379
ucb_lcb_n_baseline,41.0,1.0,0.0,1.0,-5.163653373718262
ucb_lcb_n_baseline,42.0,1.0,0.0,1.0,-8.373052895069122
ucb_lcb_n_baseline,43.0,1.0,0.0,1.0,-95.841188788414
ucb_lcb_n_baseline,44.0,1.0,0.0,1.0,-5.68075704574585
ucb_lcb_n_baseline,47.0,1.0,0.0,1.0,-28.754531979560852
ucb_lcb_n_baseline,54.0,1.0,0.0,1.0,-8.97807776927948
ucb_lcb_n_baseline,58.0,1.0,0.0,1.0,-8.56843626499176
ucb_lcb_n_baseline,67.0,1.0,0.0,1.0,-92.55836683511734
ucb_lcb_n_baseline,69.0,1.0,0.0,1.0,-106.74802923202515
ucb_lcb_n_baseline,72.0,1.0,0.0,1.0,-81.2645571231842
ucb_lcb_n_baseline,74.0,1.0,0.0,1.0,-6.846757650375366
ucb_lcb_n_baseline,76.0,1.0,0.0,1.0,-7.975451946258545
ucb_lcb_n_baseline,78.0,1.0,0.0,1.0,-15.945704579353333
ucb_lcb_n_baseline,81.0,1.0,0.0,1.0,-6.7543299198150635
ucb_lcb_n_baseline,90.0,1.0,0.0,1.0,-13.692541122436523
ucb_lcb_n_baseline,92.0,1.0,0.0,1.0,-14.093296527862549
ucb_lcb_n_baseline,94.0,1.0,0.0,1.0,-16.95480990409851
ucb_lcb_n_baseline,95.0,1.0,0.0,1.0,-27.21925711631775
ucb_lcb_n_baseline,96.0,1.0,0.0,1.0,-110.63808679580688
ucb_lcb_n_baseline,102.0,1.0,0.0,1.0,-91.6042206287384
ucb_lcb_n_baseline,106.0,1.0,0.0,1.0,-4.873501777648926
ucb_lcb_n_baseline,113.0,1.0,0.0,1.0,-23.921105295419693
random,8.0,1.0,0.0,1.0,-119.89476680755615
random,9.0,1.0,0.0,1.0,-4.795790672302246
random,10.0,1.0,0.0,1.0,-4.795790672302246
random,13.0,1.0,0.0,1.0,-4.795790672302246
random,14.0,1.0,0.0,1.0,-4.795790672302246
random,16.0,1.0,0.0,1.0,-4.795790672302246
random,18.0,1.0,0.0,1.0,-119.89476680755615
random,26.0,1.0,0.0,1.0,-9.591581344604492
random,29.0,1.0,0.0,1.0,-119.89476680755615
random,33.0,1.0,0.0,1.0,-4.795790672302246
random,34.0,1.0,0.0,1.0,-119.89476680755615
random,35.0,1.0,0.0,1.0,-4.795790672302246
random,36.0,1.0,0.0,1.0,-119.89476680755615
random,38.0,1.0,0.0,1.0,-67.14106941223145
random,40.0,1.0,0.0,1.0,-4.795790672302246
random,41.0,1.0,0.0,1.0,-4.795790672302246
random,42.0,1.0,0.0,1.0,-19.183162689208984
random,43.0,1.0,0.0,1.0,-119.89476680755615
random,44.0,1.0,0.0,1.0,-4.795790672302246
random,47.0,1.0,0.0,1.0,-119.89476680755615
random,54.0,1.0,0.0,1.0,-14.387372016906738
random,58.0,1.0,0.0,1.0,-14.387372016906738
random,67.0,1.0,0.0,1.0,-119.89476680755615
random,69.0,1.0,0.0,1.0,-119.89476680755615
random,72.0,1.0,0.0,1.0,-91.12002277374268
random,74.0,1.0,0.0,1.0,-9.591581344604492
random,76.0,1.0,0.0,1.0,-4.795790672302246
random,78.0,1.0,0.0,1.0,-23.97895336151123
random,81.0,1.0,0.0,1.0,-9.591581344604492
random,90.0,1.0,0.0,1.0,-14.387372016906738
random,92.0,1.0,0.0,1.0,-19.183162689208984
random,94.0,1.0,0.0,1.0,-119.89476680755615
random,95.0,1.0,0.0,1.0,-57.54948806762695
random,96.0,1.0,0.0,1.0,-119.89476680755615
random,102.0,1.0,0.0,1.0,-119.89476680755615
random,106.0,1.0,0.0,1.0,-4.795790672302246
random,113.0,1.0,0.0,1.0,-119.89476680755615
ucb_lcb_n_baseline,8.0,1.0,0.0,2.0,-6.4097490310668945
ucb_lcb_n_baseline,9.0,1.0,0.0,2.0,-1.9783724546432495
ucb_lcb_n_baseline,10.0,1.0,0.0,2.0,-34.74034397304058
ucb_lcb_n_baseline,13.0,1.0,0.0,2.0,-2.1259193420410156
ucb_lcb_n_baseline,14.0,1.0,0.0,2.0,-28.53358544409275
ucb_lcb_n_baseline,16.0,1.0,0.0,2.0,-9.410407543182373
ucb_lcb_n_baseline,18.0,1.0,0.0,2.0,-35.07052981853485
ucb_lcb_n_baseline,26.0,1.0,0.0,2.0,-5.055767059326172
ucb_lcb_n_baseline,29.0,1.0,0.0,2.0,-84.42752826213837
ucb_lcb_n_baseline,33.0,1.0,0.0,2.0,-125.270314514637
ucb_lcb_n_baseline,34.0,1.0,0.0,2.0,-0.004463059187401086
ucb_lcb_n_baseline,35.0,1.0,0.0,2.0,-6.703375816345215
ucb_lcb_n_baseline,36.0,1.0,0.0,2.0,-28.229036927223206
ucb_lcb_n_baseline,38.0,1.0,0.0,2.0,-2.495607614517212
ucb_lcb_n_baseline,40.0,1.0,0.0,2.0,-1.9923250675201416
ucb_lcb_n_baseline,41.0,1.0,0.0,2.0,-8.55446994304657
ucb_lcb_n_baseline,42.0,1.0,0.0,2.0,-56.860926046967506
ucb_lcb_n_baseline,43.0,1.0,0.0,2.0,-55.690481424331665
ucb_lcb_n_baseline,44.0,1.0,0.0,2.0,-1.6386593580245972
ucb_lcb_n_baseline,47.0,1.0,0.0,2.0,-33.37971758842468
ucb_lcb_n_baseline,54.0,1.0,0.0,2.0,-5.274335861206055
ucb_lcb_n_baseline,58.0,1.0,0.0,2.0,-121.35093113780022
ucb_lcb_n_baseline,67.0,1.0,0.0,2.0,-4.710034370422363
ucb_lcb_n_baseline,69.0,1.0,0.0,2.0,-107.16825580596924
ucb_lcb_n_baseline,72.0,1.0,0.0,2.0,-3.2940890789031982
ucb_lcb_n_baseline,74.0,1.0,0.0,2.0,-8.980368733406067
ucb_lcb_n_baseline,76.0,1.0,0.0,2.0,-12.383503824472427
ucb_lcb_n_baseline,78.0,1.0,0.0,2.0,-2.1123218536376953
ucb_lcb_n_baseline,81.0,1.0,0.0,2.0,-8.160824060440063
ucb_lcb_n_baseline,90.0,1.0,0.0,2.0,-92.80723643302917
ucb_lcb_n_baseline,92.0,1.0,0.0,2.0,-59.995965242385864
ucb_lcb_n_baseline,94.0,1.0,0.0,2.0,-5.224401473999023
ucb_lcb_n_baseline,95.0,1.0,0.0,2.0,-7.676938533782959
ucb_lcb_n_baseline,96.0,1.0,0.0,2.0,-103.71525025367737
ucb_lcb_n_baseline,102.0,1.0,0.0,2.0,-3.593107223510742
ucb_lcb_n_baseline,106.0,1.0,0.0,2.0,-99.14143979549408
ucb_lcb_n_baseline,113.0,1.0,0.0,2.0,-7.925386428833008
random,8.0,1.0,0.0,2.0,-4.795790672302246
random,9.0,1.0,0.0,2.0,-4.795790672302246
random,10.0,1.0,0.0,2.0,-119.89476680755615
random,13.0,1.0,0.0,2.0,-4.795790672302246
random,14.0,1.0,0.0,2.0,-119.89476680755615
random,16.0,1.0,0.0,2.0,-9.591581344604492
random,18.0,1.0,0.0,2.0,-119.89476680755615
random,26.0,1.0,0.0,2.0,-4.795790672302246
random,29.0,1.0,0.0,2.0,-119.89476680755615
random,33.0,1.0,0.0,2.0,-119.89476680755615
random,34.0,1.0,0.0,2.0,-119.89476680755615
random,35.0,1.0,0.0,2.0,-4.795790672302246
random,36.0,1.0,0.0,2.0,-119.89476680755615
random,38.0,1.0,0.0,2.0,-4.795790672302246
random,40.0,1.0,0.0,2.0,-4.795790672302246
random,41.0,1.0,0.0,2.0,-14.387372016906738
random,42.0,1.0,0.0,2.0,-119.89476680755615
random,43.0,1.0,0.0,2.0,-119.89476680755615
random,44.0,1.0,0.0,2.0,-4.795790672302246
random,47.0,1.0,0.0,2.0,-33.57053470611572
random,54.0,1.0,0.0,2.0,-4.795790672302246
random,58.0,1.0,0.0,2.0,-119.89476680755615
random,67.0,1.0,0.0,2.0,-4.795790672302246
random,69.0,1.0,0.0,2.0,-119.89476680755615
random,72.0,1.0,0.0,2.0,-4.795790672302246
random,74.0,1.0,0.0,2.0,-19.183162689208984
random,76.0,1.0,0.0,2.0,-119.89476680755615
random,78.0,1.0,0.0,2.0,-4.795790672302246
random,81.0,1.0,0.0,2.0,-9.591581344604492
random,90.0,1.0,0.0,2.0,-119.89476680755615
random,92.0,1.0,0.0,2.0,-71.93686008453369
random,94.0,1.0,0.0,2.0,-4.795790672302246
random,95.0,1.0,0.0,2.0,-9.591581344604492
random,96.0,1.0,0.0,2.0,-119.89476680755615
random,102.0,1.0,0.0,2.0,-4.795790672302246
random,106.0,1.0,0.0,2.0,-119.89476680755615
random,113.0,1.0,0.0,2.0,-9.591581344604492
ucb_lcb_n_baseline,8.0,1.0,0.0,3.0,-22.639160081744194
ucb_lcb_n_baseline,9.0,1.0,0.0,3.0,-37.88237118721008
ucb_lcb_n_baseline,10.0,1.0,0.0,3.0,-5.255386829376221
ucb_lcb_n_baseline,13.0,1.0,0.0,3.0,-6.321872711181641
ucb_lcb_n_baseline,14.0,1.0,0.0,3.0,-5.42228889465332
ucb_lcb_n_baseline,16.0,1.0,0.0,3.0,-7.039584159851074
ucb_lcb_n_baseline,18.0,1.0,0.0,3.0,-44.170276284217834
ucb_lcb_n_baseline,26.0,1.0,0.0,3.0,-2.2592740058898926
ucb_lcb_n_baseline,29.0,1.0,0.0,3.0,-79.69626677036285
ucb_lcb_n_baseline,33.0,1.0,0.0,3.0,-30.80655837059021
ucb_lcb_n_baseline,34.0,1.0,0.0,3.0,-0.009720069559989497
ucb_lcb_n_baseline,35.0,1.0,0.0,3.0,-13.1343355178833
ucb_lcb_n_baseline,36.0,1.0,0.0,3.0,-19.350560426712036
ucb_lcb_n_baseline,38.0,1.0,0.0,3.0,-2.2506449222564697
ucb_lcb_n_baseline,40.0,1.0,0.0,3.0,-2.0112444460392
ucb_lcb_n_baseline,41.0,1.0,0.0,3.0,-46.121125519275665
ucb_lcb_n_baseline,42.0,1.0,0.0,3.0,-30.316967010498047
ucb_lcb_n_baseline,43.0,1.0,0.0,3.0,-2.6102328300476074
ucb_lcb_n_baseline,44.0,1.0,0.0,3.0,-16.72036199271679
ucb_lcb_n_baseline,47.0,1.0,0.0,3.0,-6.771566867828369
ucb_lcb_n_baseline,54.0,1.0,0.0,3.0,-10.475820064544678
ucb_lcb_n_baseline,58.0,1.0,0.0,3.0,-16.152239561080933
ucb_lcb_n_baseline,67.0,1.0,0.0,3.0,-4.974390029907227
ucb_lcb_n_baseline,69.0,1.0,0.0,3.0,-43.896894454956055
ucb_lcb_n_baseline,72.0,1.0,0.0,3.0,-19.92952847480774
ucb_lcb_n_baseline,74.0,1.0,0.0,3.0,-57.29739010334015
ucb_lcb_n_baseline,76.0,1.0,0.0,3.0,-26.977055620402098
ucb_lcb_n_baseline,78.0,1.0,0.0,3.0,-1.521939754486084
ucb_lcb_n_baseline,81.0,1.0,0.0,3.0,-88.90558350086212
ucb_lcb_n_baseline,90.0,1.0,0.0,3.0,-9.87032175064087
ucb_lcb_n_baseline,92.0,1.0,0.0,3.0,-64.88948774337769
ucb_lcb_n_baseline,94.0,1.0,0.0,3.0,-16.689224898815155
ucb_lcb_n_baseline,95.0,1.0,0.0,3.0,-1.124389886856079
ucb_lcb_n_baseline,96.0,1.0,0.0,3.0,-108.42249834537506
ucb_lcb_n_baseline,102.0,1.0,0.0,3.0,-17.59309720993042
ucb_lcb_n_baseline,106.0,1.0,0.0,3.0,-4.777411460876465
ucb_lcb_n_baseline,113.0,1.0,0.0,3.0,-5.048272132873535
random,8.0,1.0,0.0,3.0,-119.89476680755615
random,9.0,1.0,0.0,3.0,-119.89476680755615
random,10.0,1.0,0.0,3.0,-4.795790672302246
random,13.0,1.0,0.0,3.0,-4.795790672302246
random,14.0,1.0,0.0,3.0,-4.795790672302246
random,16.0,1.0,0.0,3.0,-9.591581344604492
random,18.0,1.0,0.0,3.0,-119.89476680755615
random,26.0,1.0,0.0,3.0,-4.795790672302246
random,29.0,1.0,0.0,3.0,-119.89476680755615
random,33.0,1.0,0.0,3.0,-38.36632537841797
random,34.0,1.0,0.0,3.0,-119.89476680755615
random,35.0,1.0,0.0,3.0,-9.591581344604492
random,36.0,1.0,0.0,3.0,-23.97895336151123
random,38.0,1.0,0.0,3.0,-4.795790672302246
random,40.0,1.0,0.0,3.0,-9.591581344604492
random,41.0,1.0,0.0,3.0,-119.89476680755615
random,42.0,1.0,0.0,3.0,-33.57053470611572
random,43.0,1.0,0.0,3.0,-4.795790672302246
random,44.0,1.0,0.0,3.0,-119.89476680755615
random,47.0,1.0,0.0,3.0,-4.795790672302246
random,54.0,1.0,0.0,3.0,-9.591581344604492
random,58.0,1.0,0.0,3.0,-23.97895336151123
random,67.0,1.0,0.0,3.0,-4.795790672302246
random,69.0,1.0,0.0,3.0,-57.54948806762695
random,72.0,1.0,0.0,3.0,-23.97895336151123
random,74.0,1.0,0.0,3.0,-105.50739479064941
random,76.0,1.0,0.0,3.0,-119.89476680755615
random,78.0,1.0,0.0,3.0,-4.795790672302246
random,81.0,1.0,0.0,3.0,-119.89476680755615
random,90.0,1.0,0.0,3.0,-9.591581344604492
random,92.0,1.0,0.0,3.0,-119.89476680755615
random,94.0,1.0,0.0,3.0,-23.97895336151123
random,95.0,1.0,0.0,3.0,-4.795790672302246
random,96.0,1.0,0.0,3.0,-119.89476680755615
random,102.0,1.0,0.0,3.0,-19.183162689208984
random,106.0,1.0,0.0,3.0,-4.795790672302246
random,113.0,1.0,0.0,3.0,-4.795790672302246
ucb_lcb_n_baseline,8.0,1.0,0.0,4.0,-47.518131732940674
ucb_lcb_n_baseline,9.0,1.0,0.0,4.0,-2.043179988861084
ucb_lcb_n_baseline,10.0,1.0,0.0,4.0,-11.640642166137695
ucb_lcb_n_baseline,13.0,1.0,0.0,4.0,-5.815366268157959
ucb_lcb_n_baseline,14.0,1.0,0.0,4.0,-1.9420051574707031
ucb_lcb_n_baseline,16.0,1.0,0.0,4.0,-34.95782461762428
ucb_lcb_n_baseline,18.0,1.0,0.0,4.0,-38.754249930381775
ucb_lcb_n_baseline,26.0,1.0,0.0,4.0,-64.058220744133
ucb_lcb_n_baseline,29.0,1.0,0.0,4.0,-99.93124580383301
ucb_lcb_n_baseline,33.0,1.0,0.0,4.0,-33.821099281311035
ucb_lcb_n_baseline,34.0,1.0,0.0,4.0,-0.026593352726195008
ucb_lcb_n_baseline,35.0,1.0,0.0,4.0,-5.292077541351318
ucb_lcb_n_baseline,36.0,1.0,0.0,4.0,-39.81566718220711
ucb_lcb_n_baseline,38.0,1.0,0.0,4.0,-1.9695321321487427
ucb_lcb_n_baseline,40.0,1.0,0.0,4.0,-2.056084156036377
ucb_lcb_n_baseline,41.0,1.0,0.0,4.0,-2.1465046405792236
ucb_lcb_n_baseline,42.0,1.0,0.0,4.0,-46.75994563102722
ucb_lcb_n_baseline,43.0,1.0,0.0,4.0,-5.7448179721832275
ucb_lcb_n_baseline,44.0,1.0,0.0,4.0,-1.4231878519058228
ucb_lcb_n_baseline,47.0,1.0,0.0,4.0,-54.769139885902405
ucb_lcb_n_baseline,54.0,1.0,0.0,4.0,-1.769409418106079
ucb_lcb_n_baseline,58.0,1.0,0.0,4.0,-18.969626426696777
ucb_lcb_n_baseline,67.0,1.0,0.0,4.0,-51.879109382629395
ucb_lcb_n_baseline,69.0,1.0,0.0,4.0,-2.6283247470855713
ucb_lcb_n_baseline,72.0,1.0,0.0,4.0,-8.21908974647522
ucb_lcb_n_baseline,74.0,1.0,0.0,4.0,-46.88072848320007
ucb_lcb_n_baseline,76.0,1.0,0.0,4.0,-0.4159885346889496
ucb_lcb_n_baseline,78.0,1.0,0.0,4.0,-5.352713108062744
ucb_lcb_n_baseline,81.0,1.0,0.0,4.0,-28.434993028640747
ucb_lcb_n_baseline,90.0,1.0,0.0,4.0,-106.8781977891922
ucb_lcb_n_baseline,92.0,1.0,0.0,4.0,-51.30534142255783
ucb_lcb_n_baseline,94.0,1.0,0.0,4.0,-68.6360285282135
ucb_lcb_n_baseline,95.0,1.0,0.0,4.0,-1.302945613861084
ucb_lcb_n_baseline,96.0,1.0,0.0,4.0,-4.875473976135254
ucb_lcb_n_baseline,102.0,1.0,0.0,4.0,-72.31131529808044
ucb_lcb_n_baseline,106.0,1.0,0.0,4.0,-4.6467461585998535
ucb_lcb_n_baseline,113.0,1.0,0.0,4.0,-42.90861964225769
random,8.0,1.0,0.0,4.0,-119.89476680755615
random,9.0,1.0,0.0,4.0,-4.795790672302246
random,10.0,1.0,0.0,4.0,-19.183162689208984
random,13.0,1.0,0.0,4.0,-4.795790672302246
random,14.0,1.0,0.0,4.0,-4.795790672302246
random,16.0,1.0,0.0,4.0,-119.89476680755615
random,18.0,1.0,0.0,4.0,-119.89476680755615
random,26.0,1.0,0.0,4.0,-119.89476680755615
random,29.0,1.0,0.0,4.0,-119.89476680755615
random,33.0,1.0,0.0,4.0,-38.36632537841797
random,34.0,1.0,0.0,4.0,-119.89476680755615
random,35.0,1.0,0.0,4.0,-4.795790672302246
random,36.0,1.0,0.0,4.0,-119.89476680755615
random,38.0,1.0,0.0,4.0,-4.795790672302246
random,40.0,1.0,0.0,4.0,-4.795790672302246
random,41.0,1.0,0.0,4.0,-4.795790672302246
random,42.0,1.0,0.0,4.0,-119.89476680755615
random,43.0,1.0,0.0,4.0,-9.591581344604492
random,44.0,1.0,0.0,4.0,-4.795790672302246
random,47.0,1.0,0.0,4.0,-119.89476680755615
random,54.0,1.0,0.0,4.0,-4.795790672302246
random,58.0,1.0,0.0,4.0,-28.774744033813477
random,67.0,1.0,0.0,4.0,-119.89476680755615
random,69.0,1.0,0.0,4.0,-4.795790672302246
random,72.0,1.0,0.0,4.0,-9.591581344604492
random,74.0,1.0,0.0,4.0,-119.89476680755615
random,76.0,1.0,0.0,4.0,-4.795790672302246
random,78.0,1.0,0.0,4.0,-4.795790672302246
random,81.0,1.0,0.0,4.0,-38.36632537841797
random,90.0,1.0,0.0,4.0,-119.89476680755615
random,92.0,1.0,0.0,4.0,-119.89476680755615
random,94.0,1.0,0.0,4.0,-119.89476680755615
random,95.0,1.0,0.0,4.0,-4.795790672302246
random,96.0,1.0,0.0,4.0,-9.591581344604492
random,102.0,1.0,0.0,4.0,-91.12002277374268
random,106.0,1.0,0.0,4.0,-4.795790672302246
random,113.0,1.0,0.0,4.0,-119.89476680755615
ucb_lcb_n_baseline,8.0,1.0,1.0,0.0,-16.447561502456665
ucb_lcb_n_baseline,9.0,1.0,1.0,0.0,-5.104258060455322
ucb_lcb_n_baseline,10.0,1.0,1.0,0.0,-0.0025005398128996603
ucb_lcb_n_baseline,13.0,1.0,1.0,0.0,-39.66849231719971
ucb_lcb_n_baseline,14.0,1.0,1.0,0.0,-6.066241264343262
ucb_lcb_n_baseline,16.0,1.0,1.0,0.0,-13.069064140319824
ucb_lcb_n_baseline,18.0,1.0,1.0,0.0,-31.016637414693832
ucb_lcb_n_baseline,26.0,1.0,1.0,0.0,-54.30178529024124
ucb_lcb_n_baseline,29.0,1.0,1.0,0.0,-98.41964733600616
ucb_lcb_n_baseline,33.0,1.0,1.0,0.0,-77.6169080734253
ucb_lcb_n_baseline,34.0,1.0,1.0,0.0,-0.0025005398128996603
ucb_lcb_n_baseline,35.0,1.0,1.0,0.0,-6.694867134094238
ucb_lcb_n_baseline,36.0,1.0,1.0,0.0,-45.960425317287445
ucb_lcb_n_baseline,38.0,1.0,1.0,0.0,-80.68592277169228
ucb_lcb_n_baseline,40.0,1.0,1.0,0.0,-29.11528977751732
ucb_lcb_n_baseline,41.0,1.0,1.0,0.0,-64.42124283313751
ucb_lcb_n_baseline,42.0,1.0,1.0,0.0,-20.286166667938232
ucb_lcb_n_baseline,43.0,1.0,1.0,0.0,-39.55168926715851
ucb_lcb_n_baseline,44.0,1.0,1.0,0.0,-2.0617892742156982
ucb_lcb_n_baseline,47.0,1.0,1.0,0.0,-4.352414608001709
ucb_lcb_n_baseline,54.0,1.0,1.0,0.0,-9.938304901123047
ucb_lcb_n_baseline,58.0,1.0,1.0,0.0,-43.75321012735367
ucb_lcb_n_baseline,67.0,1.0,1.0,0.0,-2.388655662536621
ucb_lcb_n_baseline,69.0,1.0,1.0,0.0,-100.35161602497101
ucb_lcb_n_baseline,72.0,1.0,1.0,0.0,-4.945271968841553
ucb_lcb_n_baseline,74.0,1.0,1.0,0.0,-39.67182815074921
ucb_lcb_n_baseline,76.0,1.0,1.0,0.0,-2.1920154094696045
ucb_lcb_n_baseline,78.0,1.0,1.0,0.0,-22.343644127249718
ucb_lcb_n_baseline,81.0,1.0,1.0,0.0,-9.748311519622803
ucb_lcb_n_baseline,90.0,1.0,1.0,0.0,-3.6381123065948486
ucb_lcb_n_baseline,92.0,1.0,1.0,0.0,-2.4734699726104736
ucb_lcb_n_baseline,94.0,1.0,1.0,0.0,-52.941266655921936
ucb_lcb_n_baseline,95.0,1.0,1.0,0.0,-0.0025005398128996603
ucb_lcb_n_baseline,96.0,1.0,1.0,0.0,-64.72947931289673
ucb_lcb_n_baseline,102.0,1.0,1.0,0.0,-1.8858591318130493
ucb_lcb_n_baseline,106.0,1.0,1.0,0.0,-4.550383567810059
ucb_lcb_n_baseline,113.0,1.0,1.0,0.0,-2.097978115081787
random,8.0,1.0,1.0,0.0,-19.183162689208984
random,9.0,1.0,1.0,0.0,-4.795790672302246
random,10.0,1.0,1.0,0.0,-119.89476680755615
random,13.0,1.0,1.0,0.0,-43.162116050720215
random,14.0,1.0,1.0,0.0,-4.795790672302246
random,16.0,1.0,1.0,0.0,-14.387372016906738
random,18.0,1.0,1.0,0.0,-119.89476680755615
random,26.0,1.0,1.0,0.0,-119.89476680755615
random,29.0,1.0,1.0,0.0,-119.89476680755615
random,33.0,1.0,1.0,0.0,-119.89476680755615
random,34.0,1.0,1.0,0.0,-119.89476680755615
random,35.0,1.0,1.0,0.0,-4.795790672302246
random,36.0,1.0,1.0,0.0,-119.89476680755615
random,38.0,1.0,1.0,0.0,-119.89476680755615
random,40.0,1.0,1.0,0.0,-119.89476680755615
random,41.0,1.0,1.0,0.0,-119.89476680755615
random,42.0,1.0,1.0,0.0,-23.97895336151123
random,43.0,1.0,1.0,0.0,-119.89476680755615
random,44.0,1.0,1.0,0.0,-4.795790672302246
random,47.0,1.0,1.0,0.0,-4.795790672302246
random,54.0,1.0,1.0,0.0,-9.591581344604492
random,58.0,1.0,1.0,0.0,-119.89476680755615
random,67.0,1.0,1.0,0.0,-4.795790672302246
random,69.0,1.0,1.0,0.0,-119.89476680755615
random,72.0,1.0,1.0,0.0,-4.795790672302246
random,74.0,1.0,1.0,0.0,-119.89476680755615
random,76.0,1.0,1.0,0.0,-4.795790672302246
random,78.0,1.0,1.0,0.0,-119.89476680755615
random,81.0,1.0,1.0,0.0,-14.387372016906738
random,90.0,1.0,1.0,0.0,-4.795790672302246
random,92.0,1.0,1.0,0.0,-4.795790672302246
random,94.0,1.0,1.0,0.0,-100.71160411834717
random,95.0,1.0,1.0,0.0,-119.89476680755615
random,96.0,1.0,1.0,0.0,-71.93686008453369
random,102.0,1.0,1.0,0.0,-4.795790672302246
random,106.0,1.0,1.0,0.0,-4.795790672302246
random,113.0,1.0,1.0,0.0,-4.795790672302246
ucb_lcb_n_baseline,8.0,1.0,1.0,1.0,-30.296434864401817
ucb_lcb_n_baseline,9.0,1.0,1.0,1.0,-52.16306972503662
ucb_lcb_n_baseline,10.0,1.0,1.0,1.0,-0.0025005398128996603
ucb_lcb_n_baseline,13.0,1.0,1.0,1.0,-12.428398132324219
ucb_lcb_n_baseline,14.0,1.0,1.0,1.0,-0.9639109373092651
ucb_lcb_n_baseline,16.0,1.0,1.0,1.0,-6.756263017654419
ucb_lcb_n_baseline,18.0,1.0,1.0,1.0,-2.7309517860412598
ucb_lcb_n_baseline,26.0,1.0,1.0,1.0,-5.048147201538086
ucb_lcb_n_baseline,29.0,1.0,1.0,1.0,-85.31042820215225
ucb_lcb_n_baseline,33.0,1.0,1.0,1.0,-30.107609272003174
ucb_lcb_n_baseline,34.0,1.0,1.0,1.0,-0.0025005398128996603
ucb_lcb_n_baseline,35.0,1.0,1.0,1.0,-7.767501354217529
ucb_lcb_n_baseline,36.0,1.0,1.0,1.0,-2.134803533554077
ucb_lcb_n_baseline,38.0,1.0,1.0,1.0,-29.533852607011795
ucb_lcb_n_baseline,40.0,1.0,1.0,1.0,-29.36558848619461
ucb_lcb_n_baseline,41.0,1.0,1.0,1.0,-40.572967290878296
ucb_lcb_n_baseline,42.0,1.0,1.0,1.0,-53.35689306259155
ucb_lcb_n_baseline,43.0,1.0,1.0,1.0,-1.816263198852539
ucb_lcb_n_baseline,44.0,1.0,1.0,1.0,-5.080955505371094
ucb_lcb_n_baseline,47.0,1.0,1.0,1.0,-3.0372314453125
ucb_lcb_n_baseline,54.0,1.0,1.0,1.0,-5.10103178024292
ucb_lcb_n_baseline,58.0,1.0,1.0,1.0,-75.45898858178407
ucb_lcb_n_baseline,67.0,1.0,1.0,1.0,-42.848570346832275
ucb_lcb_n_baseline,69.0,1.0,1.0,1.0,-86.64269077777863
ucb_lcb_n_baseline,72.0,1.0,1.0,1.0,-105.36196374893188
ucb_lcb_n_baseline,74.0,1.0,1.0,1.0,-38.79369908571243
ucb_lcb_n_baseline,76.0,1.0,1.0,1.0,-8.96121883392334
ucb_lcb_n_baseline,78.0,1.0,1.0,1.0,-5.085497856140137
ucb_lcb_n_baseline,81.0,1.0,1.0,1.0,-26.264552354812622
ucb_lcb_n_baseline,90.0,1.0,1.0,1.0,-9.992770671844482
ucb_lcb_n_baseline,92.0,1.0,1.0,1.0,-36.270467549562454
ucb_lcb_n_baseline,94.0,1.0,1.0,1.0,-34.02579188346863
ucb_lcb_n_baseline,95.0,1.0,1.0,1.0,-0.0025005398128996603
ucb_lcb_n_baseline,96.0,1.0,1.0,1.0,-105.54307651519775
ucb_lcb_n_baseline,102.0,1.0,1.0,1.0,-15.53528356552124
ucb_lcb_n_baseline,106.0,1.0,1.0,1.0,-4.930923938751221
ucb_lcb_n_baseline,113.0,1.0,1.0,1.0,-8.339152820408344
random,8.0,1.0,1.0,1.0,-119.89476680755615
random,9.0,1.0,1.0,1.0,-119.89476680755615
random,10.0,1.0,1.0,1.0,-119.89476680755615
random,13.0,1.0,1.0,1.0,-14.387372016906738
random,14.0,1.0,1.0,1.0,-4.795790672302246
random,16.0,1.0,1.0,1.0,-9.591581344604492
random,18.0,1.0,1.0,1.0,-4.795790672302246
random,26.0,1.0,1.0,1.0,-4.795790672302246
random,29.0,1.0,1.0,1.0,-119.89476680755615
random,33.0,1.0,1.0,1.0,-43.162116050720215
random,34.0,1.0,1.0,1.0,-119.89476680755615
random,35.0,1.0,1.0,1.0,-4.795790672302246
random,36.0,1.0,1.0,1.0,-4.795790672302246
random,38.0,1.0,1.0,1.0,-119.89476680755615
random,40.0,1.0,1.0,1.0,-119.89476680755615
random,41.0,1.0,1.0,1.0,-119.89476680755615
random,42.0,1.0,1.0,1.0,-119.89476680755615
random,43.0,1.0,1.0,1.0,-4.795790672302246
random,44.0,1.0,1.0,1.0,-4.795790672302246
random,47.0,1.0,1.0,1.0,-4.795790672302246
random,54.0,1.0,1.0,1.0,-4.795790672302246
random,58.0,1.0,1.0,1.0,-119.89476680755615
random,67.0,1.0,1.0,1.0,-119.89476680755615
random,69.0,1.0,1.0,1.0,-119.89476680755615
random,72.0,1.0,1.0,1.0,-119.89476680755615
random,74.0,1.0,1.0,1.0,-119.89476680755615
random,76.0,1.0,1.0,1.0,-4.795790672302246
random,78.0,1.0,1.0,1.0,-4.795790672302246
random,81.0,1.0,1.0,1.0,-33.57053470611572
random,90.0,1.0,1.0,1.0,-9.591581344604492
random,92.0,1.0,1.0,1.0,-119.89476680755615
random,94.0,1.0,1.0,1.0,-38.36632537841797
random,95.0,1.0,1.0,1.0,-119.89476680755615
random,96.0,1.0,1.0,1.0,-119.89476680755615
random,102.0,1.0,1.0,1.0,-14.387372016906738
random,106.0,1.0,1.0,1.0,-4.795790672302246
random,113.0,1.0,1.0,1.0,-119.89476680755615
ucb_lcb_n_baseline,8.0,1.0,1.0,2.0,-32.23252235352993
ucb_lcb_n_baseline,9.0,1.0,1.0,2.0,-2.05926775932312
ucb_lcb_n_baseline,10.0,1.0,1.0,2.0,-0.0033670552729745395
ucb_lcb_n_baseline,13.0,1.0,1.0,2.0,-49.07218128442764
ucb_lcb_n_baseline,14.0,1.0,1.0,2.0,-0.3636353313922882
ucb_lcb_n_baseline,16.0,1.0,1.0,2.0,-13.128956377506256
ucb_lcb_n_baseline,18.0,1.0,1.0,2.0,-4.9988274574279785
ucb_lcb_n_baseline,26.0,1.0,1.0,2.0,-35.15421652793884
ucb_lcb_n_baseline,29.0,1.0,1.0,2.0,-86.68584620952606
ucb_lcb_n_baseline,33.0,1.0,1.0,2.0,-85.89486736059189
ucb_lcb_n_baseline,34.0,1.0,1.0,2.0,-0.0025005398128996603
ucb_lcb_n_baseline,35.0,1.0,1.0,2.0,-8.891763687133789
ucb_lcb_n_baseline,36.0,1.0,1.0,2.0,-5.173421382904053
ucb_lcb_n_baseline,38.0,1.0,1.0,2.0,-15.850838035345078
ucb_lcb_n_baseline,40.0,1.0,1.0,2.0,-4.007385730743408
ucb_lcb_n_baseline,41.0,1.0,1.0,2.0,-56.537620306015015
ucb_lcb_n_baseline,42.0,1.0,1.0,2.0,-22.960395336151123
ucb_lcb_n_baseline,43.0,1.0,1.0,2.0,-1.7898976802825928
ucb_lcb_n_baseline,44.0,1.0,1.0,2.0,-6.086501598358154
ucb_lcb_n_baseline,47.0,1.0,1.0,2.0,-70.77056348323822
ucb_lcb_n_baseline,54.0,1.0,1.0,2.0,-33.49942581355572
ucb_lcb_n_baseline,58.0,1.0,1.0,2.0,-61.72460317611694
ucb_lcb_n_baseline,67.0,1.0,1.0,2.0,-8.029053449630737
ucb_lcb_n_baseline,69.0,1.0,1.0,2.0,-9.947526931762695
ucb_lcb_n_baseline,72.0,1.0,1.0,2.0,-9.103442907333374
ucb_lcb_n_baseline,74.0,1.0,1.0,2.0,-48.29522526264191
ucb_lcb_n_baseline,76.0,1.0,1.0,2.0,-5.9183346182107925
ucb_lcb_n_baseline,78.0,1.0,1.0,2.0,-3.9466626127250493
ucb_lcb_n_baseline,81.0,1.0,1.0,2.0,-4.971724987030029
ucb_lcb_n_baseline,90.0,1.0,1.0,2.0,-120.41046857833862
ucb_lcb_n_baseline,92.0,1.0,1.0,2.0,-61.610237300395966
ucb_lcb_n_baseline,94.0,1.0,1.0,2.0,-24.377462089061737
ucb_lcb_n_baseline,95.0,1.0,1.0,2.0,-9.21034049987793
ucb_lcb_n_baseline,96.0,1.0,1.0,2.0,-56.263338804244995
ucb_lcb_n_baseline,102.0,1.0,1.0,2.0,-5.509474754333496
ucb_lcb_n_baseline,106.0,1.0,1.0,2.0,-112.61561071872711
ucb_lcb_n_baseline,113.0,1.0,1.0,2.0,-2.2114944458007812
random,8.0,1.0,1.0,2.0,-119.89476680755615
random,9.0,1.0,1.0,2.0,-4.795790672302246
random,10.0,1.0,1.0,2.0,-119.89476680755615
random,13.0,1.0,1.0,2.0,-119.89476680755615
random,14.0,1.0,1.0,2.0,-4.795790672302246
random,16.0,1.0,1.0,2.0,-119.89476680755615
random,18.0,1.0,1.0,2.0,-4.795790672302246
random,26.0,1.0,1.0,2.0,-119.89476680755615
random,29.0,1.0,1.0,2.0,-119.89476680755615
random,33.0,1.0,1.0,2.0,-119.89476680755615
random,34.0,1.0,1.0,2.0,-119.89476680755615
random,35.0,1.0,1.0,2.0,-4.795790672302246
random,36.0,1.0,1.0,2.0,-4.795790672302246
random,38.0,1.0,1.0,2.0,-19.183162689208984
random,40.0,1.0,1.0,2.0,-9.591581344604492
random,41.0,1.0,1.0,2.0,-119.89476680755615
random,42.0,1.0,1.0,2.0,-28.774744033813477
random,43.0,1.0,1.0,2.0,-4.795790672302246
random,44.0,1.0,1.0,2.0,-4.795790672302246
random,47.0,1.0,1.0,2.0,-119.89476680755615
random,54.0,1.0,1.0,2.0,-119.89476680755615
random,58.0,1.0,1.0,2.0,-119.89476680755615
random,67.0,1.0,1.0,2.0,-9.591581344604492
random,69.0,1.0,1.0,2.0,-14.387372016906738
random,72.0,1.0,1.0,2.0,-14.387372016906738
random,74.0,1.0,1.0,2.0,-119.89476680755615
random,76.0,1.0,1.0,2.0,-119.89476680755615
random,78.0,1.0,1.0,2.0,-119.89476680755615
random,81.0,1.0,1.0,2.0,-4.795790672302246
random,90.0,1.0,1.0,2.0,-119.89476680755615
random,92.0,1.0,1.0,2.0,-119.89476680755615
random,94.0,1.0,1.0,2.0,-119.89476680755615
random,95.0,1.0,1.0,2.0,-4.795790672302246
random,96.0,1.0,1.0,2.0,-62.3452787399292
random,102.0,1.0,1.0,2.0,-4.795790672302246
random,106.0,1.0,1.0,2.0,-119.89476680755615
random,113.0,1.0,1.0,2.0,-4.795790672302246
ucb_lcb_n_baseline,8.0,1.0,1.0,3.0,-2.692546844482422
ucb_lcb_n_baseline,9.0,1.0,1.0,3.0,-2.586329936981201
ucb_lcb_n_baseline,10.0,1.0,1.0,3.0,-0.0025005398128996603
ucb_lcb_n_baseline,13.0,1.0,1.0,3.0,-9.555608749389648
ucb_lcb_n_baseline,14.0,1.0,1.0,3.0,-7.8862669095396996
ucb_lcb_n_baseline,16.0,1.0,1.0,3.0,-1.0938880443572998
ucb_lcb_n_baseline,18.0,1.0,1.0,3.0,-47.54813987016678
ucb_lcb_n_baseline,26.0,1.0,1.0,3.0,-2.3710052967071533
ucb_lcb_n_baseline,29.0,1.0,1.0,3.0,-29.804078221321106
ucb_lcb_n_baseline,33.0,1.0,1.0,3.0,-45.328460454940796
ucb_lcb_n_baseline,34.0,1.0,1.0,3.0,-0.0025005398128996603
ucb_lcb_n_baseline,35.0,1.0,1.0,3.0,-9.906031996011734
ucb_lcb_n_baseline,36.0,1.0,1.0,3.0,-2.136141777038574
ucb_lcb_n_baseline,38.0,1.0,1.0,3.0,-8.157546997070312
ucb_lcb_n_baseline,40.0,1.0,1.0,3.0,-57.76442885398865
ucb_lcb_n_baseline,41.0,1.0,1.0,3.0,-74.7842727303505
ucb_lcb_n_baseline,42.0,1.0,1.0,3.0,-25.124101143330336
ucb_lcb_n_baseline,43.0,1.0,1.0,3.0,-5.319427967071533
ucb_lcb_n_baseline,44.0,1.0,1.0,3.0,-5.144091367721558
ucb_lcb_n_baseline,47.0,1.0,1.0,3.0,-58.72108566761017
ucb_lcb_n_baseline,54.0,1.0,1.0,3.0,-43.015163004398346
ucb_lcb_n_baseline,58.0,1.0,1.0,3.0,-15.778635501861572
ucb_lcb_n_baseline,67.0,1.0,1.0,3.0,-4.9931769371032715
ucb_lcb_n_baseline,69.0,1.0,1.0,3.0,-88.82294380664825
ucb_lcb_n_baseline,72.0,1.0,1.0,3.0,-9.745491743087769
ucb_lcb_n_baseline,74.0,1.0,1.0,3.0,-34.73082585632801
ucb_lcb_n_baseline,76.0,1.0,1.0,3.0,-39.98797256499529
ucb_lcb_n_baseline,78.0,1.0,1.0,3.0,-6.431226275861263
ucb_lcb_n_baseline,81.0,1.0,1.0,3.0,-7.43521523475647
ucb_lcb_n_baseline,90.0,1.0,1.0,3.0,-3.8638827800750732
ucb_lcb_n_baseline,92.0,1.0,1.0,3.0,-52.79537679255009
ucb_lcb_n_baseline,94.0,1.0,1.0,3.0,-47.30737590789795
ucb_lcb_n_baseline,95.0,1.0,1.0,3.0,-0.0025005398128996603
ucb_lcb_n_baseline,96.0,1.0,1.0,3.0,-83.03150546550751
ucb_lcb_n_baseline,102.0,1.0,1.0,3.0,-5.476141929626465
ucb_lcb_n_baseline,106.0,1.0,1.0,3.0,-9.861815452575684
ucb_lcb_n_baseline,113.0,1.0,1.0,3.0,-5.242600917816162
random,8.0,1.0,1.0,3.0,-4.795790672302246
random,9.0,1.0,1.0,3.0,-4.795790672302246
random,10.0,1.0,1.0,3.0,-119.89476680755615
random,13.0,1.0,1.0,3.0,-9.591581344604492
random,14.0,1.0,1.0,3.0,-119.89476680755615
random,16.0,1.0,1.0,3.0,-4.795790672302246
random,18.0,1.0,1.0,3.0,-119.89476680755615
random,26.0,1.0,1.0,3.0,-4.795790672302246
random,29.0,1.0,1.0,3.0,-38.36632537841797
random,33.0,1.0,1.0,3.0,-57.54948806762695
random,34.0,1.0,1.0,3.0,-119.89476680755615
random,35.0,1.0,1.0,3.0,-119.89476680755615
random,36.0,1.0,1.0,3.0,-4.795790672302246
random,38.0,1.0,1.0,3.0,-4.795790672302246
random,40.0,1.0,1.0,3.0,-119.89476680755615
random,41.0,1.0,1.0,3.0,-119.89476680755615
random,42.0,1.0,1.0,3.0,-119.89476680755615
random,43.0,1.0,1.0,3.0,-4.795790672302246
random,44.0,1.0,1.0,3.0,-9.591581344604492
random,47.0,1.0,1.0,3.0,-76.73265075683594
random,54.0,1.0,1.0,3.0,-119.89476680755615
random,58.0,1.0,1.0,3.0,-19.183162689208984
random,67.0,1.0,1.0,3.0,-4.795790672302246
random,69.0,1.0,1.0,3.0,-119.89476680755615
random,72.0,1.0,1.0,3.0,-14.387372016906738
random,74.0,1.0,1.0,3.0,-119.89476680755615
random,76.0,1.0,1.0,3.0,-119.89476680755615
random,78.0,1.0,1.0,3.0,-119.89476680755615
random,81.0,1.0,1.0,3.0,-9.591581344604492
random,90.0,1.0,1.0,3.0,-4.795790672302246
random,92.0,1.0,1.0,3.0,-119.89476680755615
random,94.0,1.0,1.0,3.0,-100.71160411834717
random,95.0,1.0,1.0,3.0,-119.89476680755615
random,96.0,1.0,1.0,3.0,-119.89476680755615
random,102.0,1.0,1.0,3.0,-4.795790672302246
random,106.0,1.0,1.0,3.0,-14.387372016906738
random,113.0,1.0,1.0,3.0,-4.795790672302246
ucb_lcb_n_baseline,8.0,1.0,1.0,4.0,-27.18847504258156
ucb_lcb_n_baseline,9.0,1.0,1.0,4.0,-5.05989408493042
ucb_lcb_n_baseline,10.0,1.0,1.0,4.0,-0.0025005398128996603
ucb_lcb_n_baseline,13.0,1.0,1.0,4.0,-21.347998797893524
ucb_lcb_n_baseline,14.0,1.0,1.0,4.0,-6.461246013641357
ucb_lcb_n_baseline,16.0,1.0,1.0,4.0,-10.6167231798172
ucb_lcb_n_baseline,18.0,1.0,1.0,4.0,-5.047626495361328
ucb_lcb_n_baseline,26.0,1.0,1.0,4.0,-2.3846569061279297
ucb_lcb_n_baseline,29.0,1.0,1.0,4.0,-36.785661697387695
ucb_lcb_n_baseline,33.0,1.0,1.0,4.0,-74.07932084798813
ucb_lcb_n_baseline,34.0,1.0,1.0,4.0,-0.0025005398128996603
ucb_lcb_n_baseline,35.0,1.0,1.0,4.0,-86.3790876865387
ucb_lcb_n_baseline,36.0,1.0,1.0,4.0,-56.329869985580444
ucb_lcb_n_baseline,38.0,1.0,1.0,4.0,-15.780617892742157
ucb_lcb_n_baseline,40.0,1.0,1.0,4.0,-44.15417563915253
ucb_lcb_n_baseline,41.0,1.0,1.0,4.0,-6.8674092292785645
ucb_lcb_n_baseline,42.0,1.0,1.0,4.0,-8.381207704544067
ucb_lcb_n_baseline,43.0,1.0,1.0,4.0,-7.223590135574341
ucb_lcb_n_baseline,44.0,1.0,1.0,4.0,-5.983830690383911
ucb_lcb_n_baseline,47.0,1.0,1.0,4.0,-7.678104758262634
ucb_lcb_n_baseline,54.0,1.0,1.0,4.0,-2.1487958431243896
ucb_lcb_n_baseline,58.0,1.0,1.0,4.0,-58.88130897283554
ucb_lcb_n_baseline,67.0,1.0,1.0,4.0,-48.8833065032959
ucb_lcb_n_baseline,69.0,1.0,1.0,4.0,-96.18324589729309
ucb_lcb_n_baseline,72.0,1.0,1.0,4.0,-2.49726939201355
ucb_lcb_n_baseline,74.0,1.0,1.0,4.0,-46.35975784063339
ucb_lcb_n_baseline,76.0,1.0,1.0,4.0,-44.35857492685318
ucb_lcb_n_baseline,78.0,1.0,1.0,4.0,-0.6752806697040796
ucb_lcb_n_baseline,81.0,1.0,1.0,4.0,-96.34286236763
ucb_lcb_n_baseline,90.0,1.0,1.0,4.0,-4.6444268226623535
ucb_lcb_n_baseline,92.0,1.0,1.0,4.0,-67.73339360952377
ucb_lcb_n_baseline,94.0,1.0,1.0,4.0,-185.6983219506219
ucb_lcb_n_baseline,95.0,1.0,1.0,4.0,-0.003257606462284457
ucb_lcb_n_baseline,96.0,1.0,1.0,4.0,-91.01097285747528
ucb_lcb_n_baseline,102.0,1.0,1.0,4.0,-5.458489418029785
ucb_lcb_n_baseline,106.0,1.0,1.0,4.0,-19.012489795684814
ucb_lcb_n_baseline,113.0,1.0,1.0,4.0,-54.6682707965374
random,8.0,1.0,1.0,4.0,-119.89476680755615
random,9.0,1.0,1.0,4.0,-4.795790672302246
random,10.0,1.0,1.0,4.0,-119.89476680755615
random,13.0,1.0,1.0,4.0,-119.89476680755615
random,14.0,1.0,1.0,4.0,-4.795790672302246
random,16.0,1.0,1.0,4.0,-19.183162689208984
random,18.0,1.0,1.0,4.0,-4.795790672302246
random,26.0,1.0,1.0,4.0,-4.795790672302246
random,29.0,1.0,1.0,4.0,-47.95790672302246
random,33.0,1.0,1.0,4.0,-119.89476680755615
random,34.0,1.0,1.0,4.0,-119.89476680755615
random,35.0,1.0,1.0,4.0,-119.89476680755615
random,36.0,1.0,1.0,4.0,-119.89476680755615
random,38.0,1.0,1.0,4.0,-119.89476680755615
random,40.0,1.0,1.0,4.0,-119.89476680755615
random,41.0,1.0,1.0,4.0,-9.591581344604492
random,42.0,1.0,1.0,4.0,-9.591581344604492
random,43.0,1.0,1.0,4.0,-9.591581344604492
random,44.0,1.0,1.0,4.0,-9.591581344604492
random,47.0,1.0,1.0,4.0,-14.387372016906738
random,54.0,1.0,1.0,4.0,-4.795790672302246
random,58.0,1.0,1.0,4.0,-119.89476680755615
random,67.0,1.0,1.0,4.0,-119.89476680755615
random,69.0,1.0,1.0,4.0,-119.89476680755615
random,72.0,1.0,1.0,4.0,-4.795790672302246
random,74.0,1.0,1.0,4.0,-119.89476680755615
random,76.0,1.0,1.0,4.0,-119.89476680755615
random,78.0,1.0,1.0,4.0,-119.89476680755615
random,81.0,1.0,1.0,4.0,-119.89476680755615
random,90.0,1.0,1.0,4.0,-4.795790672302246
random,92.0,1.0,1.0,4.0,-119.89476680755615
random,94.0,1.0,1.0,4.0,-119.89476680755615
random,95.0,1.0,1.0,4.0,-119.89476680755615
random,96.0,1.0,1.0,4.0,-119.89476680755615
random,102.0,1.0,1.0,4.0,-4.795790672302246
random,106.0,1.0,1.0,4.0,-23.97895336151123
random,113.0,1.0,1.0,4.0,-119.89476680755615
