ID,kraken_present,ls,beta,tau
1,0,0.6513291001319885,0.38106393814086914,0.015751931816339493
2,0,0.9301947355270386,0.2788318395614624,0.037641674280166626
3,0,1.1134170293807983,0.06355408579111099,0.023038115352392197
4,0,1.3210495710372925,0.3044845461845398,0.07582694292068481
5,0,1.042806625366211,0.04735419526696205,0.03686562925577164
6,0,1.3931175470352173,0.021548615768551826,0.041731324046850204
7,0,1.3145772218704224,0.09291964769363403,0.021096989512443542
8,0,1.410284161567688,0.033645834773778915,0.025307482108473778
9,0,1.9244686365127563,0.13055916130542755,0.031238870695233345
10,0,0.6923492550849915,0.24593999981880188,0.07382737845182419
11,0,1.2204337120056152,0.3085009455680847,0.03133317455649376
12,0,0.7580304145812988,0.3779524564743042,0.022427469491958618
13,0,1.7320435047149658,0.062106844037771225,0.036005496978759766
14,0,1.3049373626708984,0.06250544637441635,0.03001362644135952
15,0,1.268751859664917,0.039120469242334366,0.04598325863480568
16,0,0.8919495344161987,0.13314785063266754,0.05082136392593384
17,0,0.7574784755706787,0.04061000794172287,0.030763592571020126
18,0,1.4308927059173584,0.11380668729543686,0.03639724478125572
19,0,1.3297888040542603,0.32831907272338867,0.023251673206686974
20,0,0.9531188011169434,0.10733702033758163,0.03574800118803978
21,0,2.0202841758728027,0.0668189749121666,0.03554859757423401
22,0,1.312793493270874,0.038063596934080124,0.035293567925691605
23,0,1.305392861366272,0.039303191006183624,0.053111180663108826
24,0,2.2038538455963135,-0.05085517466068268,0.02772277407348156
25,0,1.5213412046432495,-0.24090901017189026,0.07929647713899612
26,0,1.3201521635055542,0.04548312723636627,0.0326765738427639
27,0,0.9004663228988647,0.06607803702354431,0.03686775267124176
28,0,1.2469584941864014,-0.004033242352306843,0.027126530185341835
29,0,1.6209408044815063,0.052005548030138016,0.020192425698041916
30,0,1.2937670946121216,0.35118263959884644,0.02330124005675316
31,0,1.0006905794143677,0.007468712981790304,0.03423672541975975
32,0,1.0322965383529663,0.3171898126602173,0.028002962470054626
33,0,1.076829195022583,0.07359016686677933,0.03744709491729736
34,0,1.2286778688430786,0.04501284658908844,0.012409191578626633
35,0,0.8941932320594788,0.04663382098078728,0.02535768784582615
36,0,2.177016496658325,-0.013417085632681847,0.04751855507493019
37,0,0.9499067664146423,0.30623170733451843,0.02131044678390026
38,0,1.183286190032959,-0.012056689709424973,0.030167007818818092
39,0,1.1627774238586426,0.08899057656526566,0.03649767488241196
40,0,1.0019961595535278,0.29601696133613586,0.02173212543129921
41,0,0.9718954563140869,0.056306976824998856,0.020280621945858
42,0,0.7757596373558044,0.07744574546813965,0.02497125416994095
43,0,1.7237848043441772,-0.05176634341478348,0.03429494798183441
45,0,1.389819622039795,0.1480799913406372,0.03639739379286766
46,0,0.8266220688819885,0.11911211162805557,0.020504973828792572
47,0,0.9669986963272095,0.2925129234790802,0.02421434596180916
48,0,0.7935785055160522,0.34959888458251953,0.027788931503891945
49,0,0.8196060061454773,0.04427109286189079,0.050567153841257095
50,0,0.9711209535598755,0.33646008372306824,0.043271180242300034
51,0,1.309723973274231,0.060850076377391815,0.03875825181603432
52,0,1.6846870183944702,0.2529635727405548,0.04237639531493187
53,0,1.7326167821884155,0.027525048702955246,0.035803310573101044
54,0,1.181606411933899,0.20810331404209137,0.02539246715605259
55,0,0.7250217199325562,0.28664034605026245,0.029487045481801033
56,0,0.8378353118896484,0.37692809104919434,0.02199561707675457
57,0,0.48192694783210754,0.3476511538028717,0.04894725978374481
58,0,0.8172482252120972,0.13728868961334229,0.030119270086288452
59,0,0.724446177482605,0.15041501820087433,0.04514291509985924
60,0,1.00115168094635,0.3425632119178772,0.042432866990566254
61,0,1.1511807441711426,0.10948541015386581,0.043820299208164215
63,0,0.8071410059928894,0.016492607071995735,0.03808492422103882
64,0,1.483217477798462,0.30094486474990845,0.0340917706489563
65,0,1.9071025848388672,-0.053193602710962296,0.042961571365594864
66,0,1.1629106998443604,0.0771990567445755,0.02182852104306221
67,0,1.4364104270935059,0.1799798309803009,0.01564285345375538
68,0,1.5288153886795044,0.06620294600725174,0.03937908262014389
69,0,1.3001673221588135,0.11264751106500626,0.03613919019699097
70,0,1.6101490259170532,0.07313531637191772,0.032536596059799194
71,0,1.8018091917037964,0.3333372473716736,0.030325157567858696
72,0,1.1235400438308716,0.3266555070877075,0.03267012536525726
73,0,1.4586256742477417,0.04639905318617821,0.03003665618598461
74,0,1.1502338647842407,0.0683203637599945,0.03704409301280975
75,0,1.3997281789779663,0.060201793909072876,0.037097908556461334
76,0,0.6847748756408691,0.3792630136013031,0.01844012923538685
77,0,1.183794379234314,0.018639693036675453,0.03861934319138527
78,0,1.4987177848815918,-0.027367770671844482,0.0339210219681263
79,0,1.2433618307113647,0.02782660536468029,0.03553849831223488
80,0,1.3891710042953491,0.15011511743068695,0.04253775626420975
81,0,0.7360782623291016,0.3601474463939667,0.02143549546599388
82,0,1.290969967842102,0.039674706757068634,0.0392681285738945
83,0,0.9709339141845703,-0.05642729625105858,0.03819264471530914
84,0,1.098095417022705,0.0060798064805567265,0.039329078048467636
85,0,1.2608838081359863,0.09792469441890717,0.017642682418227196
86,0,0.8726152181625366,0.3605031967163086,0.022641699761152267
87,0,1.228029489517212,0.07485795021057129,0.035908233374357224
88,0,1.3956446647644043,0.11159563809633255,0.04513872414827347
89,0,1.594336748123169,0.02668279968202114,0.03150273859500885
90,0,2.199075222015381,0.02514791302382946,0.07840242236852646
91,0,1.1370525360107422,0.044471852481365204,0.040102943778038025
92,0,1.7587065696716309,-0.032174594700336456,0.05588119849562645
93,0,1.5606824159622192,0.05199111998081207,0.023225883021950722
94,0,1.651680588722229,0.02794867753982544,0.019491050392389297
95,0,0.6154586672782898,0.0937347412109375,0.029822124168276787
96,0,1.3225749731063843,0.2984701097011566,0.03510003536939621
98,0,1.2975648641586304,0.3522048592567444,0.048085376620292664
99,0,1.3175854682922363,0.29649659991264343,0.028522847220301628
100,0,0.4758230149745941,0.3460143804550171,0.047244053333997726
101,0,1.1111838817596436,0.06396953016519547,0.031539659947156906
102,0,1.929291009902954,0.007571777328848839,0.02807985246181488
103,0,1.700151801109314,0.019943179562687874,0.03913291171193123
104,0,1.6815288066864014,0.2978927195072174,0.0904114618897438
105,0,0.4740360677242279,0.3565119504928589,0.05079043656587601
106,0,1.3219423294067383,0.15868327021598816,0.04417210817337036
107,0,0.822296679019928,0.3467504680156708,0.022359535098075867
108,0,1.594330072402954,-0.015277053229510784,0.03765479102730751
109,0,1.2215126752853394,0.3234456479549408,0.021766135469079018
110,0,1.4536877870559692,-0.00597867276519537,0.04876185953617096
111,0,1.4502589702606201,0.03798030689358711,0.04467248171567917
112,0,0.7327209115028381,0.36411112546920776,0.02176029048860073
113,0,0.94110506772995,0.3639014959335327,0.02643148973584175
114,0,0.7133090496063232,0.16159100830554962,0.021629618480801582
115,0,1.1464364528656006,0.30736833810806274,0.025994524359703064
116,0,1.192252278327942,-0.03848222270607948,0.028718100860714912
117,0,0.8422335982322693,0.3333607614040375,0.02570100501179695
118,0,0.9706407785415649,0.12998619675636292,0.02331732213497162
119,0,1.5905653238296509,1.0470747611179831e-06,0.020936166867613792
120,0,1.2047829627990723,0.3150244653224945,0.029400870203971863
121,0,1.6709656715393066,0.29094094038009644,0.05737471207976341
122,0,1.1009762287139893,0.03695168346166611,0.03544693440198898
123,0,1.1906304359436035,-0.03390013426542282,0.028861289843916893
124,0,1.1898456811904907,0.08442900329828262,0.038631621748209
125,0,1.34483003616333,0.3126203417778015,0.0658976212143898
126,0,0.9813410043716431,0.3010471761226654,0.02226145565509796
128,0,1.8142493963241577,0.03642355650663376,0.030549924820661545
129,0,1.9709088802337646,0.0425507090985775,0.046235229820013046
130,0,1.0080015659332275,0.3002871572971344,0.024001363664865494
131,0,1.0064740180969238,0.0359945073723793,0.020112676545977592
132,0,0.6951650381088257,0.35493478178977966,0.011405791155993938
133,0,1.6655489206314087,0.028987089172005653,0.03840261325240135
134,0,1.3630560636520386,0.126467764377594,0.03891170769929886
135,0,1.3989100456237793,0.05205842852592468,0.03571506589651108
136,0,0.732666552066803,-0.06367271393537521,0.03002754971385002
137,0,1.2986527681350708,0.12383446097373962,0.024961024522781372
138,0,1.1891272068023682,0.09661189466714859,0.033245913684368134
139,0,0.7652779817581177,0.15187469124794006,0.02633025497198105
140,0,1.267022967338562,0.13342835009098053,0.03451095521450043
141,0,1.1182036399841309,-0.004328245297074318,0.02758568897843361
142,0,1.7503936290740967,0.0010314526734873652,0.03685135766863823
143,0,0.8985593318939209,0.12235474586486816,0.03569873049855232
144,0,1.892045497894287,0.3553868234157562,0.028560087084770203
145,0,1.5135984420776367,0.3220890462398529,0.03006828762590885
146,0,0.9193459153175354,0.32714223861694336,0.03537993133068085
147,0,1.407199740409851,0.07479089498519897,0.031495582312345505
148,0,1.3709361553192139,-0.1594448685646057,0.05960627645254135
149,0,1.5486751794815063,0.03050975687801838,0.0463288314640522
150,0,1.0047168731689453,0.33285394310951233,0.02601776458323002
151,0,1.1718734502792358,0.1396644115447998,0.053667012602090836
152,0,1.468138575553894,0.07624001055955887,0.045766085386276245
153,0,1.0619966983795166,-0.017002388834953308,0.025488879531621933
154,0,1.0214248895645142,0.3636617064476013,0.0360688716173172
155,0,1.500218152999878,0.06894104927778244,0.03335665538907051
156,0,0.6957417130470276,0.38192468881607056,0.017694419249892235
158,0,1.58211350440979,-0.014105139300227165,0.034066542983055115
159,0,1.0317846536636353,0.11856649070978165,0.036625903099775314
160,0,1.040041446685791,0.08811730146408081,0.022790320217609406
161,0,1.2979705333709717,0.13550156354904175,0.03814944252371788
162,0,0.9265827536582947,0.06197875738143921,0.01831943728029728
163,0,0.5484896302223206,0.34432002902030945,0.05652186647057533
165,0,0.9820303916931152,0.10182835906744003,0.033140912652015686
166,0,1.6381980180740356,0.03572876751422882,0.03925657644867897
167,0,1.3268752098083496,0.21379511058330536,0.04405626282095909
168,0,0.8632681369781494,0.23208831250667572,0.030650045722723007
169,0,1.3399771451950073,0.31437376141548157,0.03327761963009834
170,0,1.4107612371444702,0.29387521743774414,0.0353974811732769
171,0,2.427915096282959,-0.042271148413419724,0.04809150472283363
172,0,0.7835372686386108,0.32072144746780396,0.02182266116142273
173,0,0.7758443355560303,0.34281569719314575,0.03438922390341759
174,0,1.5644536018371582,0.023203853517770767,0.034705597907304764
175,0,1.2820252180099487,0.29811757802963257,0.023490969091653824
176,0,0.6826457381248474,0.3593088388442993,0.01509054284542799
177,0,1.3898191452026367,0.3114345073699951,0.041503097862005234
178,0,1.8107374906539917,0.07532631605863571,0.05218667536973953
179,0,1.5151861906051636,0.3250696063041687,0.032242096960544586
180,0,0.686028242111206,0.3564373552799225,0.01149988453835249
181,0,1.814824104309082,0.02702641859650612,0.04270099103450775
182,0,1.3018994331359863,0.33830487728118896,0.036674387753009796
183,0,1.2469828128814697,0.01055058278143406,0.04966722056269646
185,0,1.1103832721710205,0.1053808331489563,0.025717584416270256
186,0,1.0429812669754028,0.30763980746269226,0.02314969338476658
187,0,1.1065443754196167,0.3349383771419525,0.03155069425702095
188,0,1.314391851425171,0.09297052770853043,0.03193619102239609
189,0,1.6925673484802246,-0.029317909851670265,0.03844616562128067
190,0,0.5807459950447083,-0.005142368841916323,0.05228511244058609
191,0,1.2049014568328857,0.3386613428592682,0.017570359632372856
192,0,1.5619752407073975,0.05289961397647858,0.038191087543964386
193,0,1.4484397172927856,0.0827297493815422,0.025078587234020233
194,0,1.1417251825332642,0.009168210439383984,0.03451121598482132
195,0,1.4066438674926758,0.2828860580921173,0.02230069227516651
196,0,1.3537670373916626,0.31255361437797546,0.035505231469869614
197,0,2.0236051082611084,0.029817331582307816,0.02666567452251911
198,0,1.0879700183868408,0.3362821340560913,0.019640445709228516
199,0,0.8456948399543762,0.022476568818092346,0.038466982543468475
200,0,1.2830320596694946,0.06331958621740341,0.02765493653714657
201,0,1.3187028169631958,0.040792834013700485,0.023015854880213737
202,0,1.2288858890533447,-0.06828736513853073,0.024566952139139175
203,0,1.2679363489151,0.3214383125305176,0.03305581957101822
204,0,1.4252655506134033,0.08012252300977707,0.027589283883571625
205,0,0.9698210954666138,0.05028148368000984,0.029609687626361847
206,0,0.7470539808273315,0.32303714752197266,0.030008554458618164
207,0,1.3155919313430786,0.013551407493650913,0.03449704498052597
208,0,1.878951072692871,0.2880992293357849,0.05085024610161781
209,0,0.4868973195552826,0.3528526723384857,0.05128059908747673
210,0,1.7416330575942993,0.04792117699980736,0.030199917033314705
211,0,1.7557889223098755,-0.020866502076387405,0.07578833401203156
212,0,1.3213478326797485,0.052599381655454636,0.030569331720471382
213,0,1.3630166053771973,0.32309603691101074,0.022440221160650253
214,0,1.185309886932373,0.07194697111845016,0.046745676547288895
215,0,1.0531549453735352,0.3528185188770294,0.02379368059337139
216,0,2.8184189796447754,-0.009381728246808052,0.03128506615757942
217,0,1.0701533555984497,0.008564258925616741,0.03079434484243393
218,0,1.5038851499557495,0.2858266234397888,0.02365419827401638
219,0,0.9223905801773071,0.09270244836807251,0.03307478129863739
220,0,0.972891092300415,0.12781402468681335,0.033272016793489456
221,0,1.3056676387786865,0.023212196305394173,0.0287135262042284
222,0,1.3400321006774902,0.07261785864830017,0.03991145268082619
223,0,1.4893946647644043,0.29882097244262695,0.02906818687915802
224,0,1.0467677116394043,0.10238783061504364,0.03126463666558266
225,0,0.7747910618782043,0.36990323662757874,0.04076770320534706
226,0,1.3974783420562744,0.06236141920089722,0.040063727647066116
227,0,2.4037485122680664,0.06142900139093399,0.04153281822800636
228,0,0.8407813906669617,0.16603660583496094,0.045012906193733215
229,0,1.2018760442733765,-0.1774856001138687,0.02245403826236725
230,0,0.584301769733429,0.41437745094299316,0.018183475360274315
231,0,1.307560920715332,0.02952413074672222,0.03161272034049034
232,0,0.9713031053543091,0.23134855926036835,0.028893249109387398
233,0,1.4095916748046875,0.12584570050239563,0.032878149300813675
234,0,0.6886941194534302,0.246217280626297,0.03600740060210228
235,0,1.667129635810852,0.00251588667742908,0.03352012857794762
236,0,1.1723065376281738,0.07430744171142578,0.019868340343236923
237,0,1.3947563171386719,0.08550809323787689,0.04924731329083443
239,0,1.4411629438400269,0.34639739990234375,0.031117292121052742
240,0,1.5460039377212524,0.029003579169511795,0.03838320076465607
241,0,0.9770208597183228,0.2273598462343216,0.032985884696245193
242,0,1.4663660526275635,0.09598644822835922,0.02937570959329605
243,0,1.2825790643692017,0.07143010199069977,0.024897566065192223
244,0,1.1522471904754639,0.11278372257947922,0.027699094265699387
245,0,1.1815153360366821,0.04701768234372139,0.019316289573907852
246,0,1.4846969842910767,0.09202530235052109,0.02488151751458645
247,0,0.9984045624732971,0.1820303350687027,0.026601402088999748
248,0,1.0644502639770508,0.32964208722114563,0.0345127172768116
249,0,0.9282509088516235,0.2049335390329361,0.025165395811200142
250,0,1.0883339643478394,0.2897120416164398,0.0323760062456131
251,0,1.169517159461975,0.3373825252056122,0.03426427021622658
252,0,1.1090142726898193,0.14865706861019135,0.03245840594172478
253,0,1.6441659927368164,-0.1616930365562439,0.044612303376197815
254,0,1.035548448562622,0.04666465148329735,0.04239204525947571
255,0,1.2953236103057861,0.04574080556631088,0.03793125972151756
257,0,1.078276515007019,0.28270861506462097,0.04315090551972389
258,0,1.2107722759246826,0.05020345747470856,0.04527457803487778
259,0,1.636705756187439,0.06832001358270645,0.03863789886236191
260,0,1.3871514797210693,0.300176739692688,0.052428726106882095
261,0,0.8494492769241333,0.04601731151342392,0.032825060188770294
262,0,0.9132634401321411,0.0206786897033453,0.04007706791162491
263,0,1.358919620513916,0.06357912719249725,0.03519665449857712
264,0,1.2430099248886108,0.32070064544677734,0.0328247956931591
266,0,1.19591224193573,0.3072837293148041,0.038485560566186905
267,0,0.9674357771873474,0.3436286449432373,0.03139584884047508
268,0,1.1194745302200317,0.06961455196142197,0.025487853214144707
269,0,1.3263310194015503,0.049440909177064896,0.049375101923942566
270,0,0.9940239191055298,0.07592739164829254,0.024978913366794586
271,0,1.2172489166259766,0.08687768131494522,0.03859143704175949
272,0,1.7527247667312622,0.004573618061840534,0.01119839958846569
273,0,1.454545259475708,0.1617998629808426,0.041516341269016266
274,0,2.160228967666626,0.007204405963420868,0.05419445037841797
275,0,1.1144309043884277,0.0020831709261983633,0.026156453415751457
276,0,1.0744900703430176,0.11839018017053604,0.03539733588695526
277,0,0.7603604793548584,0.012826504185795784,0.028559312224388123
278,0,1.2090704441070557,0.03602210059762001,0.0450948067009449
279,0,1.7007865905761719,0.037408336997032166,0.027954954653978348
280,0,1.5595859289169312,0.3261573016643524,0.02799364924430847
281,0,1.7539260387420654,0.3325800597667694,0.037250202149152756
282,0,0.9574906826019287,0.28404906392097473,0.029462425038218498
283,0,1.3471788167953491,-0.0022212108597159386,0.03936329856514931
284,0,0.6120501160621643,0.33092328906059265,0.015160336159169674
285,0,1.2726151943206787,0.08095183223485947,0.03224676847457886
286,0,1.4230618476867676,0.051431503146886826,0.03236978128552437
287,0,0.8871874213218689,0.36131542921066284,0.017847904935479164
288,0,1.3369494676589966,-0.18931794166564941,0.09565277397632599
289,0,0.637141764163971,0.39225172996520996,0.01678294502198696
290,0,0.8937974572181702,0.26878172159194946,0.025726988911628723
291,0,1.2072200775146484,0.29462531208992004,0.03837086260318756
292,0,2.2046525478363037,-0.05860210955142975,0.05457460135221481
293,0,1.2532508373260498,0.1361406296491623,0.029649175703525543
294,0,1.2916408777236938,0.0656127780675888,0.023820148780941963
295,0,1.4571254253387451,-0.0018107802607119083,0.03589031845331192
296,0,1.4478816986083984,0.05097652226686478,0.02795853093266487
297,0,1.2466602325439453,0.2904214859008789,0.01724674180150032
298,0,1.3260287046432495,0.3135111927986145,0.03363429754972458
299,0,0.977796733379364,0.30753853917121887,0.033776264637708664
300,0,1.1773219108581543,0.014858032576739788,0.03675128147006035
301,0,1.3028799295425415,0.034962330013513565,0.0341070331633091
302,0,1.1500954627990723,-0.03556784614920616,0.03680942580103874
303,0,1.2740113735198975,0.3266793191432953,0.029753772541880608
304,0,1.7161253690719604,0.32632651925086975,0.04851032420992851
305,0,1.466547966003418,0.2815210223197937,0.030668823048472404
306,0,1.3362751007080078,0.22504937648773193,0.03832704946398735
307,0,0.9113699793815613,0.332148015499115,0.025271117687225342
308,0,1.9139894247055054,0.3057093620300293,0.04617868363857269
309,0,1.1160149574279785,0.32542574405670166,0.029263349249958992
310,0,1.3902500867843628,0.0675707757472992,0.03743351995944977
311,0,2.086430549621582,0.028703318908810616,0.03849656134843826
312,0,1.756464958190918,0.013727609999477863,0.026315603405237198
313,0,1.3858683109283447,0.3157461881637573,0.02880372479557991
314,0,1.0903528928756714,0.07978060841560364,0.030360225588083267
315,0,1.3663356304168701,0.016691850498318672,0.02824709750711918
316,0,1.6449122428894043,-0.0033501118887215853,0.03801640123128891
317,0,0.9038986563682556,0.0744052305817604,0.03256981819868088
318,0,1.660250186920166,0.08880003541707993,0.03497029468417168
319,0,1.2619109153747559,0.30950668454170227,0.025733841583132744
320,0,0.6386744379997253,0.3885805904865265,0.014131746254861355
321,0,1.2736247777938843,0.18670140206813812,0.034817881882190704
322,0,1.0873119831085205,0.3188245892524719,0.023746084421873093
323,0,1.4755958318710327,0.02438383921980858,0.03906779736280441
324,0,1.147049903869629,0.35888612270355225,0.019824499264359474
325,0,1.0138493776321411,-0.25468382239341736,0.10383321344852448
326,0,1.6695035696029663,0.044886376708745956,0.019063880667090416
327,0,1.8738728761672974,0.0063257282599806786,0.03949503228068352
328,0,1.0138798952102661,0.15987299382686615,0.03769191727042198
329,0,1.2425485849380493,0.08932304382324219,0.0332181341946125
330,0,1.2467347383499146,0.038957640528678894,0.02705875039100647
331,0,1.25327730178833,0.03513750061392784,0.0487552173435688
332,0,0.8951570987701416,0.05880170315504074,0.04803820699453354
333,0,0.9173751473426819,0.31731662154197693,0.016083892434835434
334,0,2.5215632915496826,0.10607508569955826,0.03033406287431717
335,0,0.9350235462188721,0.10463490337133408,0.07197992503643036
336,0,1.841065764427185,-0.0114057045429945,0.013004266656935215
337,0,1.363293170928955,0.07712199538946152,0.03940794989466667
338,0,0.846716046333313,0.22586266696453094,0.07187124341726303
340,0,1.4138230085372925,0.10273785889148712,0.03397783264517784
341,0,1.3593283891677856,-0.017686454579234123,0.03519471734762192
342,0,2.348235607147217,-0.017938420176506042,0.023701868951320648
343,0,1.5941458940505981,0.08571304380893707,0.03385068476200104
344,0,1.1027334928512573,0.35116130113601685,0.02949780412018299
346,0,1.2928850650787354,-0.027226703241467476,0.037852294743061066
347,0,1.3363772630691528,0.2874259650707245,0.039829958230257034
348,0,0.8536949753761292,0.09108404815196991,0.02453504130244255
349,0,0.8841803073883057,0.28660497069358826,0.028646932914853096
350,0,1.5214083194732666,0.0019083883380517364,0.01066644862294197
351,0,1.5029523372650146,0.008230074308812618,0.0329069048166275
352,0,1.1432133913040161,0.198045015335083,0.03351249918341637
353,0,0.7296940684318542,0.36629223823547363,0.026345504447817802
354,0,0.7829992771148682,0.2412055879831314,0.035753414034843445
355,0,0.5205123424530029,0.18738767504692078,0.06935575604438782
356,0,1.6384539604187012,0.029512716457247734,0.034862592816352844
357,0,1.3477988243103027,0.06923333555459976,0.025440974161028862
358,0,0.9184299111366272,0.34683987498283386,0.029549038037657738
359,0,1.276769995689392,0.027155833318829536,0.03207864239811897
361,0,1.755049467086792,0.3445532023906708,0.031160296872258186
362,0,1.5273393392562866,0.27761441469192505,0.03063192032277584
363,0,0.8745079636573792,0.3198898434638977,0.026540249586105347
364,0,0.8500669002532959,0.21950139105319977,0.03970545902848244
365,0,2.272581100463867,-0.01696241833269596,0.04983434081077576
367,0,0.9945681095123291,0.3334491550922394,0.03497961536049843
368,0,1.2605985403060913,0.2981005311012268,0.02725222520530224
369,0,1.3312948942184448,0.32876601815223694,0.03567904606461525
370,0,1.250422477722168,0.14868631958961487,0.026505161076784134
371,0,0.9976670742034912,0.29525867104530334,0.028829634189605713
372,0,0.9434122443199158,0.34454700350761414,0.025941377505660057
373,0,1.2390847206115723,0.06580650806427002,0.03478531166911125
374,0,1.087918996810913,0.32699349522590637,0.0469026155769825
375,0,1.274745225906372,0.2818474769592285,0.04305339977145195
376,0,1.643932580947876,-0.03756864368915558,0.04213334247469902
377,0,0.7579392194747925,0.17953144013881683,0.01887139119207859
378,0,1.6433477401733398,-0.005725165829062462,0.03875555843114853
379,0,1.3273221254348755,0.30737340450286865,0.040850378572940826
380,0,1.1413601636886597,0.13495200872421265,0.034762077033519745
381,0,1.1270021200180054,0.04527684673666954,0.029647286981344223
382,0,0.4888327419757843,0.3103700280189514,0.05356703698635101
383,0,0.5649928450584412,0.03728622570633888,0.025237949565052986
384,0,1.3745765686035156,-0.03722239285707474,0.03909817337989807
385,0,1.4733504056930542,0.030713699758052826,0.04000825434923172
386,0,0.8091384172439575,0.34322401881217957,0.03694447502493858
387,0,1.562597393989563,0.2704888880252838,0.05166132375597954
388,0,1.2849507331848145,0.27111122012138367,0.018865909427404404
389,0,1.5241755247116089,0.3201572597026825,0.06362523883581161
390,0,1.253191351890564,0.14872659742832184,0.03296901285648346
391,0,1.1883679628372192,-0.015714354813098907,0.030355392023921013
392,0,0.8917316794395447,0.0768234059214592,0.02421833947300911
393,0,1.289418339729309,0.09029552340507507,0.03869839012622833
394,0,1.8105289936065674,0.07643567770719528,0.029650481417775154
395,0,0.9462905526161194,0.031719889491796494,0.026843735948204994
396,0,1.5158097743988037,0.05268866941332817,0.035084523260593414
397,0,1.3922061920166016,0.08432766795158386,0.028912253677845
398,0,1.0401829481124878,0.32329243421554565,0.034350503236055374
399,0,1.0825183391571045,0.3131815195083618,0.042562879621982574
400,0,1.9370548725128174,0.3032175898551941,0.06815651804208755
401,0,1.0986125469207764,0.1023726612329483,0.02512599155306816
402,0,1.0842212438583374,-0.1467668116092682,0.06484045088291168
403,0,1.0299712419509888,0.21269312500953674,0.030989468097686768
404,0,1.1119768619537354,0.33818063139915466,0.026750190183520317
405,0,0.5969321131706238,0.35794714093208313,0.011617952026426792
406,0,0.6718627214431763,0.32362452149391174,0.01654832996428013
407,0,2.000291347503662,0.010391929186880589,0.05546620488166809
408,0,1.3453779220581055,0.22002916038036346,0.035776287317276
409,0,1.2179855108261108,0.05060547590255737,0.019398722797632217
410,0,1.1252232789993286,0.3385818302631378,0.03773423284292221
412,0,0.9811041951179504,0.22528913617134094,0.02594074234366417
413,0,1.2915949821472168,0.12360787391662598,0.03639394789934158
414,0,1.4631961584091187,0.10027468204498291,0.02768886648118496
415,0,2.2370967864990234,0.3187488913536072,0.04935968294739723
416,0,1.6194339990615845,0.052436769008636475,0.032261159271001816
417,0,1.0610312223434448,0.10748810321092606,0.0652213841676712
418,0,1.5740092992782593,-0.0752781555056572,0.048644211143255234
419,0,1.1338828802108765,-0.030534368008375168,0.06739062815904617
420,0,0.7952280044555664,0.08057666569948196,0.03696662560105324
421,0,1.6591886281967163,0.021123338490724564,0.023842936381697655
422,0,1.442354440689087,0.044172994792461395,0.03730481117963791
423,0,1.6890654563903809,0.2735785245895386,0.03857298195362091
424,0,1.0071488618850708,0.026985812932252884,0.030042704194784164
425,0,1.4698618650436401,0.10430631786584854,0.027079051360487938
426,0,0.9994624257087708,0.313788503408432,0.0341060608625412
428,0,1.0195401906967163,0.10769332945346832,0.04165847599506378
429,0,1.5444036722183228,0.03261878341436386,0.01589423418045044
430,0,2.9175586700439453,0.15668292343616486,0.05876618251204491
431,0,0.6116306185722351,0.024369830265641212,0.03559219837188721
432,0,1.284184455871582,0.04753118008375168,0.028473826125264168
433,0,2.0045697689056396,-0.02735571749508381,0.03291209414601326
434,0,1.1328535079956055,0.1479502171278,0.03580876439809799
435,0,1.4312468767166138,0.03048214502632618,0.020209869369864464
436,0,1.5006507635116577,0.29088157415390015,0.03250398859381676
437,0,1.3040382862091064,0.14003430306911469,0.04066881164908409
438,0,1.3792665004730225,0.052907466888427734,0.029557691887021065
439,0,1.2567734718322754,0.3197453022003174,0.03057919628918171
440,0,0.6166923642158508,0.1018947884440422,0.02573840133845806
441,0,1.164368987083435,0.07253384590148926,0.02740914560854435
442,0,1.2036690711975098,-0.17764663696289062,0.022425848990678787
443,0,1.1273208856582642,-0.2087285965681076,0.036806538701057434
444,0,1.1995999813079834,0.19172056019306183,0.025105871260166168
445,0,1.160718560218811,0.27804994583129883,0.027021238580346107
446,0,2.0712878704071045,0.07140619307756424,0.03861869499087334
447,0,1.3389049768447876,0.04461488127708435,0.023922309279441833
448,0,1.0950137376785278,0.047202520072460175,0.0292108952999115
449,0,0.6083980202674866,0.32260915637016296,0.046046365052461624
450,0,1.3853870630264282,0.3098694980144501,0.057038865983486176
451,0,1.6723157167434692,0.027965331450104713,0.03450050950050354
452,0,0.9170320630073547,0.0462443009018898,0.02489897422492504
453,0,0.6806519627571106,0.3741108775138855,0.021469971165060997
454,0,1.277901291847229,0.19789302349090576,0.023131325840950012
455,0,1.3915132284164429,0.16080568730831146,0.03357769176363945
456,0,0.8974130749702454,0.32303526997566223,0.032471127808094025
457,0,0.5764249563217163,0.3994026780128479,0.016357464715838432
458,0,0.998164713382721,0.3432506024837494,0.030508894473314285
459,0,1.0879013538360596,0.07617978751659393,0.04028264433145523
460,0,1.7171945571899414,0.024857325479388237,0.03247499093413353
461,0,1.223984956741333,0.029619811102747917,0.03695933148264885
462,0,1.4699978828430176,0.05124954134225845,0.031883616000413895
463,0,1.246633768081665,0.1110500693321228,0.026802169159054756
464,0,1.4128448963165283,0.3005054295063019,0.03762307018041611
465,0,0.862958550453186,-0.01429861132055521,0.027872834354639053
466,0,1.170737385749817,0.29271411895751953,0.038206636905670166
467,0,1.361017107963562,-0.023270495235919952,0.02923191525042057
468,0,1.465915322303772,-0.027470815926790237,0.012632393278181553
469,0,1.5354735851287842,0.10705500096082687,0.03427965193986893
470,0,0.622238278388977,0.3900092840194702,0.011990263126790524
471,0,1.6266109943389893,0.3537057638168335,0.022186050191521645
472,0,1.6133227348327637,0.0485241636633873,0.03251533955335617
473,0,1.0277727842330933,0.31182861328125,0.03316840901970863
474,0,0.9758580923080444,0.28717535734176636,0.02625315636396408
475,0,1.426733374595642,-0.05840815231204033,0.055633556097745895
476,0,1.302882432937622,-0.010916831903159618,0.014640704728662968
477,0,1.1919766664505005,0.08635057508945465,0.03471018373966217
478,0,1.3062373399734497,0.21507492661476135,0.02967800945043564
479,0,0.8268342614173889,0.26385658979415894,0.017641881480813026
480,0,1.205019235610962,0.29334282875061035,0.0180190522223711
481,0,1.270085096359253,0.07536923885345459,0.02620760351419449
482,0,1.3976749181747437,0.06100880727171898,0.02469329722225666
483,0,1.4713693857192993,0.1519509255886078,0.03199172392487526
484,0,1.3455322980880737,0.12462180852890015,0.027829712256789207
485,0,0.5936235785484314,0.35117101669311523,0.012911542318761349
486,0,1.1558196544647217,0.29347434639930725,0.05275844410061836
487,0,0.8014259934425354,0.3069344758987427,0.04365814849734306
488,0,1.2628811597824097,0.23976106941699982,0.027559494599699974
489,0,1.331626534461975,0.10102301090955734,0.03818769007921219
490,0,1.556537389755249,0.10775071382522583,0.03302678093314171
491,0,0.7059358954429626,0.11242926120758057,0.013474016450345516
492,0,1.4288314580917358,0.12372782081365585,0.032444633543491364
493,0,0.7976093292236328,0.0922393798828125,0.015208857133984566
494,0,0.9294707775115967,0.1837882101535797,0.04130987823009491
495,0,1.8342788219451904,0.01798708550632,0.03068486787378788
496,0,1.1059869527816772,0.03247491270303726,0.019378310069441795
1,1,0.9540863633155823,0.20107188820838928,0.04059334844350815
2,1,1.3591326475143433,0.262909471988678,0.04555172100663185
3,1,1.7155078649520874,0.037832051515579224,0.02368954010307789
4,1,0.707564651966095,0.27371469140052795,0.053104545921087265
5,1,0.6704099774360657,0.0962882712483406,0.023068269714713097
6,1,1.4913842678070068,-0.0481327548623085,0.05212688073515892
7,1,1.1854053735733032,0.09912889450788498,0.01825631782412529
8,1,1.6025804281234741,-0.015935488045215607,0.03270651027560234
9,1,1.4308656454086304,0.08677642047405243,0.024850139394402504
10,1,0.7562881708145142,0.24427390098571777,0.04845063388347626
11,1,0.9863250255584717,0.3862972855567932,0.017797470092773438
12,1,0.9320774674415588,0.3179159462451935,0.043607503175735474
13,1,1.099605679512024,0.08911608159542084,0.01988431066274643
14,1,0.7942287921905518,0.2666093409061432,0.03182511776685715
15,1,1.1462799310684204,-0.3148939907550812,0.051981374621391296
16,1,0.9385231733322144,0.0008759237243793905,0.011109053157269955
17,1,0.7718175053596497,-0.004452219232916832,0.021148668602108955
18,1,1.1090956926345825,0.13041254878044128,0.0239609032869339
19,1,1.2286971807479858,0.3532204031944275,0.03092375583946705
20,1,1.3681894540786743,-0.0361759178340435,0.017001185566186905
21,1,1.3391841650009155,0.06545232981443405,0.014542125165462494
22,1,1.3024929761886597,-0.36764711141586304,0.0874045342206955
23,1,1.3654283285140991,0.000224512696149759,0.03222435712814331
24,1,0.8235353231430054,0.07678673416376114,0.02191646583378315
25,1,1.3798654079437256,-0.21037758886814117,0.07359843701124191
26,1,1.0146671533584595,0.11498351395130157,0.03496537730097771
27,1,1.0083861351013184,0.05894225463271141,0.054097168147563934
28,1,1.6824915409088135,-0.13326817750930786,0.031993795186281204
29,1,1.5992428064346313,0.0647016242146492,0.020968439057469368
30,1,1.1608976125717163,0.2807655334472656,0.03406574949622154
31,1,0.636841356754303,0.02411968819797039,0.03100329078733921
32,1,0.9677491784095764,0.29899129271507263,0.022637691348791122
33,1,1.2136353254318237,0.029345516115427017,0.03489246591925621
34,1,0.6924306154251099,0.1150491014122963,0.008057430386543274
35,1,1.196424126625061,-0.06796648353338242,0.01682240143418312
36,1,0.5311852693557739,0.25858545303344727,0.006980401463806629
37,1,0.7573235630989075,0.36825764179229736,0.012457454577088356
38,1,0.6959100961685181,0.009468142874538898,0.020204419270157814
39,1,0.9633820652961731,0.027917833998799324,0.02348341979086399
40,1,0.7907673716545105,0.3406845033168793,0.020487701520323753
41,1,1.404751181602478,-0.009851176291704178,0.02804105170071125
42,1,0.8616684675216675,-0.039002977311611176,0.024761011824011803
43,1,1.576335072517395,-0.029969142749905586,0.013029125519096851
45,1,1.5013372898101807,0.3109038472175598,0.019113661721348763
46,1,0.8566649556159973,0.0863441526889801,0.017824579030275345
47,1,0.9820356369018555,0.22041960060596466,0.027234261855483055
48,1,0.7422016859054565,0.35145103931427,0.021234454587101936
49,1,1.1304936408996582,-0.1597922444343567,0.02317110449075699
50,1,0.8490648865699768,0.36477261781692505,0.01844906061887741
51,1,1.365053653717041,0.03783750906586647,0.023165086284279823
52,1,1.4870915412902832,0.3001435399055481,0.028883831575512886
53,1,1.6408360004425049,0.007673411630094051,0.018930843099951744
54,1,1.0109736919403076,0.2431451678276062,0.03339279070496559
55,1,0.9425050616264343,0.31902143359184265,0.0330628827214241
56,1,1.067528247833252,0.35113340616226196,0.03030269965529442
57,1,0.678703248500824,0.2941405773162842,0.05249834060668945
58,1,1.457291603088379,0.03509562462568283,0.01947350986301899
59,1,1.056309461593628,0.05386505275964737,0.030028698965907097
60,1,0.7232078313827515,0.36430829763412476,0.01729678362607956
61,1,1.592125415802002,0.015810946002602577,0.029652804136276245
63,1,0.6970310211181641,0.0521429106593132,0.0377727672457695
64,1,1.0516690015792847,0.3490501046180725,0.027627404779195786
65,1,1.0943682193756104,-0.15956473350524902,0.025991031900048256
66,1,1.2809921503067017,0.2045789361000061,0.03242657333612442
67,1,1.3030033111572266,0.26483771204948425,0.02106466330587864
68,1,1.583587646484375,0.010261008515954018,0.01879510097205639
69,1,0.7198722958564758,0.18041062355041504,0.016338614746928215
70,1,1.6964926719665527,0.06379924714565277,0.02311873435974121
71,1,1.2886042594909668,0.26371991634368896,0.021509943529963493
72,1,0.6638632416725159,0.3996430039405823,0.0140226436778903
73,1,1.624372959136963,0.07924807816743851,0.01865657977759838
74,1,2.1451964378356934,-0.095390684902668,0.020740296691656113
75,1,2.2445859909057617,0.020068500190973282,0.04147711768746376
76,1,1.3338513374328613,0.3116787374019623,0.028848517686128616
77,1,0.8967083096504211,0.13111701607704163,0.04078046977519989
78,1,1.796781063079834,-0.07997618615627289,0.016448991373181343
79,1,1.9607934951782227,-0.06505082547664642,0.022282985970377922
80,1,0.7306809425354004,0.24406585097312927,0.046243105083703995
81,1,0.5734468102455139,0.36075904965400696,0.011871191672980785
82,1,0.7118022441864014,0.3883236050605774,0.018905330449342728
83,1,0.848063588142395,-0.021294765174388885,0.016991641372442245
84,1,2.293959617614746,-0.05329043045639992,0.013377081602811813
85,1,1.2548787593841553,0.13661885261535645,0.02701691910624504
86,1,0.9677598476409912,0.3759867250919342,0.025049028918147087
87,1,1.7728955745697021,-0.06288602948188782,0.034703586250543594
88,1,0.990178108215332,0.17967602610588074,0.04139333963394165
89,1,1.2923887968063354,0.03787093982100487,0.030338630080223083
90,1,1.4912275075912476,-0.027079328894615173,0.07172011584043503
91,1,1.809385061264038,0.22233717143535614,0.03671719878911972
92,1,1.0565435886383057,0.08754713088274002,0.029255608096718788
93,1,1.172376275062561,-0.1748230755329132,0.020686659961938858
94,1,1.3257896900177002,0.003303912468254566,0.026693258434534073
95,1,1.7066974639892578,-0.10144203901290894,0.02629869058728218
96,1,1.050915241241455,0.2955630123615265,0.021025558933615685
98,1,1.1649941205978394,0.34171631932258606,0.04714162275195122
99,1,1.0051766633987427,0.37833061814308167,0.030998272821307182
100,1,0.8866188526153564,0.2930711507797241,0.029774894937872887
101,1,1.2456356287002563,-0.1188674122095108,0.021113405004143715
102,1,1.5584440231323242,-0.0654633492231369,0.024273671209812164
103,1,1.1123905181884766,0.10725527256727219,0.028631046414375305
104,1,1.2080302238464355,0.33825361728668213,0.05107717961072922
105,1,1.014777660369873,0.27894213795661926,0.06788473576307297
106,1,1.2527744770050049,0.05045732110738754,0.0345211923122406
107,1,1.3264439105987549,0.3483418822288513,0.025485757738351822
108,1,1.755118727684021,0.0201418437063694,0.013900376856327057
109,1,1.7296340465545654,0.31913936138153076,0.022015927359461784
110,1,0.8937867879867554,0.1189199760556221,0.05973947420716286
111,1,1.0888960361480713,0.03351758047938347,0.030702264979481697
112,1,0.8652331829071045,0.3077410161495209,0.02747591771185398
113,1,1.2652944326400757,0.31263789534568787,0.039708659052848816
114,1,0.8663269281387329,0.04831792041659355,0.03173636272549629
115,1,1.4520970582962036,0.331104040145874,0.023095715790987015
116,1,1.3618661165237427,-0.07162100821733475,0.02253671921789646
117,1,0.8101550936698914,0.3757099211215973,0.020913947373628616
118,1,0.968550980091095,0.07136277854442596,0.0160172488540411
119,1,1.1937572956085205,-0.20924553275108337,0.019249895587563515
120,1,1.304608941078186,0.36334776878356934,0.030723582953214645
121,1,1.4790531396865845,0.27066031098365784,0.0588085912168026
122,1,1.09983229637146,0.06630467623472214,0.01733274757862091
123,1,1.2189089059829712,-0.04888986051082611,0.030069680884480476
124,1,1.0552326440811157,0.07152625173330307,0.02492445707321167
125,1,1.1923528909683228,0.3168124258518219,0.027106663212180138
126,1,0.8305941820144653,0.357247531414032,0.017524195834994316
128,1,0.9716228246688843,0.15323980152606964,0.027003265917301178
129,1,1.7535350322723389,0.06831011921167374,0.033067382872104645
130,1,0.8446037769317627,0.35944101214408875,0.021857785061001778
131,1,1.060331106185913,0.038743652403354645,0.018031639978289604
132,1,0.8534019589424133,0.3657684326171875,0.019811037927865982
133,1,1.081977367401123,0.09876366704702377,0.025045285001397133
134,1,1.1989625692367554,0.07221521437168121,0.030172113329172134
135,1,1.8928419351577759,-0.024051222950220108,0.015604100190103054
136,1,0.6367472410202026,0.03973739221692085,0.022140836343169212
137,1,1.309324860572815,0.05428874120116234,0.029885178431868553
138,1,0.9866198897361755,-0.04747677594423294,0.034859366714954376
139,1,1.3331774473190308,0.025498459115624428,0.02851908467710018
140,1,1.1938376426696777,0.2767304480075836,0.015012053772807121
141,1,1.0170130729675293,-0.1101980060338974,0.021415024995803833
142,1,1.0943459272384644,-0.08542647212743759,0.04170679301023483
143,1,1.5200239419937134,0.010206889361143112,0.03304009512066841
144,1,1.42686927318573,0.3410789668560028,0.03227181360125542
145,1,1.0239224433898926,0.3155040144920349,0.023163098841905594
146,1,1.2289042472839355,0.36159032583236694,0.053899407386779785
147,1,1.7072930335998535,0.015695786103606224,0.00958408135920763
148,1,1.4351633787155151,-0.2914397120475769,0.06831569969654083
149,1,1.516291856765747,-0.009643487632274628,0.029712902382016182
150,1,1.0038409233093262,0.33553236722946167,0.024576082825660706
151,1,1.688572883605957,-0.029165806248784065,0.058833785355091095
152,1,1.6052546501159668,0.08323099464178085,0.019793817773461342
153,1,1.5504707098007202,-0.14923323690891266,0.03916644677519798
154,1,0.6873410940170288,0.38993802666664124,0.020812027156352997
155,1,0.8614955544471741,-0.04314053803682327,0.023271238431334496
156,1,0.9601954817771912,0.36600133776664734,0.02025373838841915
158,1,1.1632778644561768,0.0090111643075943,0.02607192099094391
159,1,1.0761737823486328,0.1289801150560379,0.029196668416261673
160,1,1.1861313581466675,0.012602434493601322,0.01917068287730217
161,1,1.5722389221191406,0.008063006214797497,0.027079684659838676
162,1,1.188773512840271,0.020012304186820984,0.011198759078979492
163,1,2.162865161895752,0.21169237792491913,0.04962664097547531
165,1,0.7495360970497131,0.12482896447181702,0.012826782651245594
166,1,1.0739405155181885,-0.061872079968452454,0.0506943017244339
167,1,0.9409216642379761,0.3369349539279938,0.026747561991214752
168,1,0.6987789869308472,0.34206491708755493,0.040654201060533524
169,1,1.0412571430206299,0.32725340127944946,0.025561613962054253
170,1,1.4352799654006958,0.32264697551727295,0.02722160518169403
171,1,1.1836135387420654,-0.06343746185302734,0.022857610136270523
172,1,0.8705054521560669,0.2866620719432831,0.03190439194440842
173,1,1.0148708820343018,0.32271265983581543,0.04833391308784485
174,1,1.5380052328109741,0.01701887883245945,0.029430480673909187
175,1,1.4988040924072266,0.33072778582572937,0.024713365361094475
176,1,0.6641039252281189,0.3586779832839966,0.026385635137557983
177,1,0.678547739982605,0.3560503125190735,0.013598449528217316
178,1,0.6650935411453247,0.2770250141620636,0.04966653510928154
179,1,0.8327347040176392,0.2470477670431137,0.04665205255150795
180,1,0.7270031571388245,0.3152536153793335,0.03368882089853287
181,1,1.9847079515457153,0.04902402311563492,0.0160251222550869
182,1,1.1683928966522217,0.3374928832054138,0.03679930418729782
183,1,1.938706636428833,-0.00020129131735302508,0.029868392273783684
185,1,1.091963529586792,0.07715737819671631,0.03565432131290436
186,1,0.963563084602356,0.33728325366973877,0.036727819591760635
187,1,1.0480519533157349,0.3118988573551178,0.029398556798696518
188,1,0.8411945700645447,-0.05221854895353317,0.018296126276254654
189,1,1.1893504858016968,0.0030204476788640022,0.015714727342128754
190,1,1.0210273265838623,-0.15921428799629211,0.06439966708421707
191,1,1.6135972738265991,0.03092939592897892,0.0335133895277977
192,1,0.7502661943435669,0.011218336410820484,0.023958450183272362
193,1,1.4591256380081177,0.04658461734652519,0.025313645601272583
194,1,0.8161942362785339,0.1343594640493393,0.02741754986345768
195,1,1.3713494539260864,0.3072984516620636,0.029003513976931572
196,1,1.46680748462677,0.3285832405090332,0.02168187126517296
197,1,2.2134077548980713,0.1315043568611145,0.029627222567796707
198,1,1.0796438455581665,0.25954630970954895,0.021691396832466125
199,1,2.240952491760254,-0.03355500474572182,0.0188258308917284
200,1,1.4689971208572388,0.0681949257850647,0.0170913003385067
201,1,1.0711597204208374,0.09787754714488983,0.039344243705272675
202,1,1.6116037368774414,-0.04312664642930031,0.023790962994098663
203,1,0.7883613705635071,0.35498419404029846,0.023132789880037308
204,1,1.1030797958374023,-0.015493853949010372,0.018583165481686592
205,1,1.0273727178573608,0.01038131583482027,0.028470095247030258
206,1,0.748092532157898,0.2524479329586029,0.046562258154153824
207,1,1.2147501707077026,-0.01181227806955576,0.02332875318825245
208,1,1.1356611251831055,0.3434025049209595,0.033486515283584595
209,1,0.6497135162353516,0.29818975925445557,0.052349526435136795
210,1,1.13881254196167,-0.09376010298728943,0.01845603808760643
211,1,1.5343084335327148,0.10038993507623672,0.02672656439244747
212,1,1.3731282949447632,0.0015609996626153588,0.024965479969978333
213,1,1.434187650680542,0.25573861598968506,0.006137587130069733
214,1,1.3061851263046265,0.026432784274220467,0.029000407084822655
215,1,1.2149064540863037,0.1702563315629959,0.013069839216768742
216,1,1.7004090547561646,0.0077835372649133205,0.0236065611243248
217,1,1.0877364873886108,0.03141547739505768,0.01661115139722824
218,1,1.1571946144104004,0.33506613969802856,0.0287421103566885
219,1,1.0229644775390625,0.09572625160217285,0.03132167458534241
220,1,1.1045831441879272,-0.10500580817461014,0.02296610362827778
221,1,1.2806991338729858,0.032119881361722946,0.024481289088726044
222,1,1.3314210176467896,0.13354049623012543,0.040038011968135834
223,1,1.62296724319458,0.3211982548236847,0.03735402598977089
224,1,1.3987932205200195,-0.08349359035491943,0.04188421368598938
225,1,1.6340394020080566,0.25905150175094604,0.04282980412244797
226,1,0.8494212627410889,0.15485256910324097,0.015322292223572731
227,1,1.9960877895355225,0.09602326154708862,0.026430213823914528
228,1,1.077502965927124,0.011843000538647175,0.029446911066770554
229,1,1.175663948059082,-0.19481846690177917,0.021809503436088562
230,1,0.7922385931015015,0.34713560342788696,0.04250778630375862
231,1,0.7532785534858704,0.24438230693340302,0.04738942161202431
232,1,1.0823408365249634,0.25612300634384155,0.03051849827170372
233,1,1.1832722425460815,0.03462157025933266,0.01708933711051941
234,1,0.8477947115898132,0.37366729974746704,0.03710962459445
235,1,1.3056823015213013,-0.02754729799926281,0.03061063028872013
236,1,1.0185763835906982,0.0647488534450531,0.03024970553815365
237,1,1.0292518138885498,-0.03240228071808815,0.0339297354221344
239,1,1.5452615022659302,0.2780565023422241,0.029979143291711807
240,1,1.4604487419128418,-0.04421667009592056,0.044829074293375015
241,1,1.2192422151565552,0.3196704089641571,0.02901962772011757
242,1,1.2635549306869507,0.10875555127859116,0.02103411965072155
243,1,1.2281196117401123,0.059167299419641495,0.02161302976310253
244,1,1.7361419200897217,0.05407661199569702,0.01724308915436268
245,1,0.9502410292625427,0.032795149832963943,0.009569351561367512
246,1,1.5947386026382446,0.06696680933237076,0.024343037977814674
247,1,0.8978296518325806,0.2544819712638855,0.01679678075015545
248,1,0.9193055033683777,0.346261203289032,0.030777879059314728
249,1,0.6383076310157776,0.40589433908462524,0.014969239011406898
250,1,1.1920474767684937,0.3210332691669464,0.04438728094100952
251,1,1.5231391191482544,0.2670893669128418,0.03282100707292557
252,1,1.6020290851593018,-0.08206882327795029,0.05093571916222572
253,1,1.0800589323043823,-0.02698034606873989,0.01546041015535593
254,1,1.1924033164978027,0.03740060329437256,0.027868520468473434
255,1,1.1204789876937866,0.054499149322509766,0.03945402801036835
257,1,1.0640833377838135,0.30618155002593994,0.025567885488271713
258,1,1.2332022190093994,0.014376391656696796,0.013202700763940811
259,1,0.9218032956123352,0.07911627739667892,0.015379020012915134
260,1,1.6552143096923828,0.3129487633705139,0.02547200582921505
261,1,1.0642591714859009,-0.11008871346712112,0.025353800505399704
262,1,1.4315615892410278,-0.053003281354904175,0.020875167101621628
263,1,1.5022393465042114,0.06672225147485733,0.03914440795779228
264,1,0.7939172983169556,0.36976712942123413,0.024210825562477112
266,1,1.6758759021759033,0.299332857131958,0.04353924095630646
267,1,1.031555414199829,0.3421303331851959,0.02189468778669834
268,1,1.806671380996704,-0.14387866854667664,0.036761630326509476
269,1,0.9170207381248474,0.0880570337176323,0.01744261011481285
270,1,1.0867033004760742,0.01826629973948002,0.021827125921845436
271,1,1.3135432004928589,-0.008077853359282017,0.03640465438365936
272,1,1.1368333101272583,-0.09256254136562347,0.044124357402324677
273,1,2.108181953430176,-0.03350064530968666,0.027114300057291985
274,1,2.0139172077178955,0.024283362552523613,0.016643637791275978
275,1,1.2690554857254028,-0.02973068505525589,0.013403690420091152
276,1,1.1247599124908447,-0.15568877756595612,0.020684808492660522
277,1,1.1358131170272827,-0.16120818257331848,0.02053419128060341
278,1,1.004485011100769,0.0636274442076683,0.026365507394075394
279,1,0.8907705545425415,0.011661266908049583,0.008142797276377678
280,1,1.533791422843933,0.2953357398509979,0.03070155344903469
281,1,1.891637921333313,0.29572731256484985,0.058112211525440216
282,1,1.3208515644073486,0.32664230465888977,0.03649311140179634
283,1,1.1235016584396362,-0.016100386157631874,0.019715644419193268
284,1,1.0623902082443237,0.31798288226127625,0.029886847361922264
285,1,1.0254356861114502,0.1514708250761032,0.02613028511404991
286,1,1.3343985080718994,0.0613798089325428,0.020513618364930153
287,1,1.1227144002914429,0.34007424116134644,0.02700727991759777
288,1,0.9144735932350159,0.2266252338886261,0.03925623372197151
289,1,0.749965250492096,0.3990355432033539,0.024605033919215202
290,1,1.2478599548339844,0.2671419382095337,0.04024643823504448
291,1,0.8217984437942505,0.31065478920936584,0.03036167286336422
292,1,2.6681835651397705,-0.006958269979804754,0.031995322555303574
293,1,1.261989712715149,-0.034699659794569016,0.018966468051075935
294,1,1.791001558303833,-0.009873113594949245,0.016391955316066742
295,1,0.8957454562187195,0.04011264443397522,0.017662543803453445
296,1,1.616646647453308,-0.046587925404310226,0.04114178568124771
297,1,1.1350038051605225,0.39004629850387573,0.02313225530087948
298,1,1.2531522512435913,0.3690774738788605,0.030297568067908287
299,1,1.5691941976547241,0.20592893660068512,0.03714936226606369
300,1,1.059016227722168,0.026371214538812637,0.018793122842907906
301,1,1.162995457649231,-0.2157830446958542,0.02793329954147339
302,1,1.1975150108337402,-0.2101607769727707,0.020473601296544075
303,1,0.9475839138031006,0.3193700909614563,0.018180571496486664
304,1,2.0294060707092285,0.23425869643688202,0.03186231479048729
305,1,1.1804386377334595,0.3737656772136688,0.032412994652986526
306,1,1.0287009477615356,0.2902442514896393,0.022469205781817436
307,1,1.0729378461837769,0.32689031958580017,0.026109948754310608
308,1,1.352599859237671,0.05921168997883797,0.03077959083020687
309,1,1.2123630046844482,0.22070366144180298,0.03207172080874443
310,1,1.4025405645370483,0.15015137195587158,0.03370264545083046
311,1,1.4061334133148193,0.06372777372598648,0.025130324065685272
312,1,1.87401282787323,0.06275694072246552,0.023826848715543747
313,1,0.7295334339141846,0.3855670094490051,0.017444554716348648
314,1,1.1374351978302002,0.10441411286592484,0.053782571107149124
315,1,1.2148200273513794,0.02629515714943409,0.018600549548864365
316,1,1.2415595054626465,-0.004098681267350912,0.04187725484371185
317,1,1.4237529039382935,0.020578090101480484,0.038220517337322235
318,1,1.7022792100906372,0.05029299110174179,0.035042695701122284
319,1,0.8126926422119141,0.3503826856613159,0.017446156591176987
320,1,0.7612244486808777,0.3774762451648712,0.023701995611190796
321,1,1.2596869468688965,0.30693063139915466,0.021460799500346184
322,1,1.2783050537109375,0.2865625321865082,0.01866672746837139
323,1,1.0969866514205933,0.0035921321250498295,0.013016407378017902
324,1,1.2812552452087402,0.3401772975921631,0.025469837710261345
325,1,1.3841795921325684,-0.19869978725910187,0.04540415108203888
326,1,1.9563231468200684,-0.02489355392754078,0.008389807306230068
327,1,0.8223584890365601,0.07332495599985123,0.021772081032395363
328,1,1.106590747833252,0.058590855449438095,0.03375909850001335
329,1,1.7836374044418335,-0.017366310581564903,0.03075418621301651
330,1,1.2090522050857544,-0.19028720259666443,0.019627893343567848
331,1,0.926332414150238,-0.19117814302444458,0.07073643058538437
332,1,0.7532567381858826,0.006347140297293663,0.02845061756670475
333,1,1.2012580633163452,0.2312479466199875,0.03401472792029381
334,1,0.7280164957046509,0.3772830665111542,0.029923228546977043
335,1,0.7760703563690186,0.2956792712211609,0.058839101344347
336,1,1.161617636680603,-0.1835324615240097,0.019375629723072052
337,1,1.7184696197509766,-0.05226798355579376,0.021157512441277504
338,1,1.2049481868743896,0.2879520654678345,0.058022886514663696
340,1,0.7858476042747498,0.1029391884803772,0.02338695153594017
341,1,1.5077050924301147,-0.0068817888386547565,0.028259648010134697
342,1,2.4975743293762207,0.0024985275231301785,0.014816654846072197
343,1,1.7774405479431152,-0.016461409628391266,0.024926168844103813
344,1,0.8744596838951111,0.3388165533542633,0.018083350732922554
346,1,2.068777322769165,-0.037558432668447495,0.016047300770878792
347,1,0.64182049036026,0.35893765091896057,0.015328388661146164
348,1,1.7082980871200562,-0.0811753049492836,0.026228683069348335
349,1,0.8001357913017273,0.2499600052833557,0.05131518840789795
350,1,1.1478441953659058,-0.183003231883049,0.019639883190393448
351,1,1.19656240940094,0.036311473697423935,0.017715835943818092
352,1,0.7237734794616699,0.26302745938301086,0.01993626542389393
353,1,0.7949132323265076,0.3480185568332672,0.02252093516290188
354,1,1.2725636959075928,0.13510531187057495,0.025933168828487396
355,1,1.1868219375610352,-0.21335995197296143,0.018692636862397194
356,1,0.7693560719490051,-0.007148172706365585,0.026367921382188797
357,1,1.5366276502609253,0.06345633417367935,0.02150978147983551
358,1,1.0026848316192627,0.3098468482494354,0.037460051476955414
359,1,1.0273981094360352,0.06848450005054474,0.024129755795001984
361,1,1.8000779151916504,0.25334250926971436,0.020364614203572273
362,1,1.3225393295288086,0.33336299657821655,0.024700867012143135
363,1,1.0313934087753296,0.1715523898601532,0.055456068366765976
364,1,1.1217211484909058,0.21013905107975006,0.043167952448129654
365,1,1.5533764362335205,-0.008097262121737003,0.018810715526342392
367,1,1.302423119544983,0.2918558418750763,0.017489392310380936
368,1,0.7839276194572449,0.3365478217601776,0.018455905839800835
369,1,1.2277772426605225,0.3290519416332245,0.023470301181077957
370,1,1.1836655139923096,0.12742452323436737,0.02087109163403511
371,1,0.7538546323776245,0.38465240597724915,0.021618038415908813
372,1,0.8938435912132263,0.35628774762153625,0.03112737461924553
373,1,1.549761176109314,-0.013129893690347672,0.020084386691451073
374,1,0.7247435450553894,0.35255056619644165,0.021352453157305717
375,1,1.3903803825378418,0.07826484739780426,0.03193794563412666
376,1,1.0858911275863647,0.01716730371117592,0.04256218299269676
377,1,1.1678410768508911,0.04272555932402611,0.022957442328333855
378,1,1.9835582971572876,-0.1777295470237732,0.05538853630423546
379,1,1.3878000974655151,0.311676949262619,0.03211017698049545
380,1,0.8160607218742371,0.2676565647125244,0.016341611742973328
381,1,0.8200962543487549,-0.03176257759332657,0.019296899437904358
382,1,0.7247521877288818,0.313982218503952,0.014357664622366428
383,1,0.7390965223312378,-0.06336884945631027,0.029845109209418297
384,1,0.6915761828422546,0.1325943022966385,0.017708860337734222
385,1,1.5315237045288086,-0.14343176782131195,0.01970328763127327
386,1,0.8087862730026245,0.31897690892219543,0.05039446800947189
387,1,1.2327393293380737,0.06678349524736404,0.030591867864131927
388,1,1.1620670557022095,0.2650558054447174,0.021030746400356293
389,1,1.0719079971313477,0.3684857487678528,0.036696579307317734
390,1,0.6412071585655212,0.373889684677124,0.016486532986164093
391,1,1.449113130569458,-0.04998481273651123,0.021933140233159065
392,1,1.1491411924362183,0.07856275141239166,0.014138873666524887
393,1,1.026570439338684,0.1592484414577484,0.03462330996990204
394,1,1.2037386894226074,0.09146886318922043,0.027584288269281387
395,1,0.8986636400222778,0.06199807673692703,0.021968800574541092
396,1,0.7406644821166992,0.19781151413917542,0.039354462176561356
397,1,1.0892512798309326,0.08194127678871155,0.02583072893321514
398,1,0.7188462018966675,0.3878611624240875,0.013750785030424595
399,1,1.2942801713943481,0.3852224349975586,0.029971137642860413
400,1,1.072323203086853,0.3193971812725067,0.02393523044884205
401,1,1.3563311100006104,0.03657931089401245,0.019391817972064018
402,1,1.2703678607940674,0.0187111496925354,0.04383537918329239
403,1,1.3099814653396606,0.1722688227891922,0.035332269966602325
404,1,1.0959891080856323,0.356945276260376,0.025496955960989
405,1,0.775938093662262,0.3536640405654907,0.036214929074048996
406,1,0.611487865447998,0.3959527611732483,0.010840755887329578
407,1,0.8229389190673828,0.08719585090875626,0.03194791078567505
408,1,0.7358559966087341,0.28608232736587524,0.051368795335292816
409,1,1.192175030708313,-0.21902255713939667,0.020106622949242592
410,1,0.9999794363975525,0.3384838402271271,0.024261172860860825
412,1,1.006472110748291,0.3075295090675354,0.03914717957377434
413,1,1.0410048961639404,0.18645858764648438,0.022207748144865036
414,1,0.985487699508667,0.10129561275243759,0.020587638020515442
415,1,1.8873370885849,0.32207193970680237,0.045316342264413834
416,1,1.477614164352417,-0.0722494050860405,0.04551444202661514
417,1,1.4684319496154785,-0.0014628496719524264,0.07633030414581299
418,1,1.1387243270874023,0.004430660046637058,0.014203635975718498
419,1,1.1712167263031006,-0.02533147856593132,0.032136768102645874
420,1,1.7903236150741577,-0.04374239221215248,0.02701159566640854
421,1,0.8200206756591797,0.09797629714012146,0.014600147493183613
422,1,1.1013792753219604,-0.05459902063012123,0.018122754991054535
423,1,0.9392790198326111,0.35197314620018005,0.021022533997893333
424,1,1.4693511724472046,0.05008259043097496,0.023543423041701317
425,1,1.6546567678451538,0.11052502691745758,0.01704229973256588
426,1,0.9217043519020081,0.3414190411567688,0.014989841729402542
428,1,1.143476963043213,0.007994240149855614,0.03435935452580452
429,1,1.4308744668960571,0.029050027951598167,0.021689729765057564
430,1,1.9341278076171875,0.05620954930782318,0.02959528937935829
431,1,1.093505859375,-0.17724087834358215,0.05526411160826683
432,1,1.5085554122924805,0.017049560323357582,0.028043802827596664
433,1,1.3054143190383911,-0.16105982661247253,0.031143570318818092
434,1,1.4579687118530273,0.12257713079452515,0.03862358257174492
435,1,1.4174400568008423,-0.013124027289450169,0.028248487040400505
436,1,0.9387719631195068,0.15434952080249786,0.039113521575927734
437,1,0.9425813555717468,0.3564795255661011,0.02900843136012554
438,1,1.5775388479232788,0.0036902115680277348,0.02471807412803173
439,1,0.9469926357269287,0.36496585607528687,0.017204860225319862
440,1,0.682482898235321,-0.004818115383386612,0.023134520277380943
441,1,1.413249135017395,0.003424900583922863,0.025635724887251854
442,1,1.191382884979248,-0.20021513104438782,0.01900927722454071
443,1,1.0629146099090576,-0.10698094964027405,0.025163182988762856
444,1,1.317838191986084,0.018684927374124527,0.03881942480802536
445,1,0.7814214825630188,0.25105181336402893,0.04217766225337982
446,1,1.441271185874939,0.021260535344481468,0.009960890747606754
447,1,1.6947619915008545,0.008199309930205345,0.012715454213321209
448,1,0.7944871187210083,0.15768550336360931,0.023427145555615425
449,1,0.7180232405662537,0.3532918095588684,0.018365787342190742
450,1,0.9593964219093323,0.3417522609233856,0.03712664172053337
451,1,0.8255550861358643,0.03278740495443344,0.016876982524991035
452,1,1.1511101722717285,0.031033512204885483,0.039982959628105164
453,1,0.6127081513404846,0.4136401116847992,0.014694553799927235
454,1,1.0980558395385742,0.33917301893234253,0.03200393542647362
455,1,0.7024210691452026,0.09950941801071167,0.011205654591321945
456,1,1.0459800958633423,0.34527117013931274,0.03455626592040062
457,1,1.4770768880844116,0.2994247376918793,0.057921018451452255
458,1,0.8197657465934753,0.3214022219181061,0.013475936837494373
459,1,1.2057338953018188,-0.10510556399822235,0.04859088361263275
460,1,1.1072477102279663,0.09537185728549957,0.025227433070540428
461,1,1.541171669960022,-0.03628912568092346,0.02858009561896324
462,1,1.471937656402588,0.09779968857765198,0.03614870086312294
463,1,1.0414965152740479,0.07831429690122604,0.015382334589958191
464,1,0.7396013736724854,0.335633248090744,0.009545130655169487
465,1,1.5305801630020142,-0.08667147159576416,0.02883952483534813
466,1,0.9648377299308777,0.33127954602241516,0.022786792367696762
467,1,1.160249948501587,0.020960818976163864,0.020606646314263344
468,1,0.9535279870033264,-0.34651145339012146,0.09081094712018967
469,1,1.1650185585021973,0.1049443930387497,0.027777381241321564
470,1,0.741131603717804,0.3842899799346924,0.01736169494688511
471,1,0.9951791763305664,0.3726446330547333,0.02436426468193531
472,1,1.1298398971557617,0.10992946475744247,0.029617169871926308
473,1,1.1427907943725586,-0.016729135066270828,0.04499025642871857
474,1,1.5990387201309204,0.2626264989376068,0.03650759905576706
475,1,2.6912806034088135,-0.002362445928156376,0.0357530415058136
476,1,1.0691064596176147,-0.08584140241146088,0.023123787716031075
477,1,1.167043924331665,0.01856926828622818,0.02566591650247574
478,1,1.9368499517440796,-0.09980422258377075,0.05019530653953552
479,1,0.9507051110267639,0.3221086859703064,0.015099998563528061
480,1,1.257270097732544,0.31242653727531433,0.039791859686374664
481,1,1.0380903482437134,0.006229480728507042,0.03356264531612396
482,1,1.7786943912506104,-0.022699370980262756,0.01232200674712658
483,1,1.4751075506210327,0.1336973011493683,0.04061524569988251
484,1,1.5997579097747803,0.058521587401628494,0.014846253208816051
485,1,0.7896537184715271,0.2579183876514435,0.045291151851415634
486,1,1.0345370769500732,0.08129657804965973,0.03447260335087776
487,1,0.833041250705719,0.19962060451507568,0.04107978194952011
488,1,1.3071568012237549,0.29129502177238464,0.026657478883862495
489,1,1.7235698699951172,0.018170572817325592,0.033193863928318024
490,1,1.5109200477600098,0.05177054554224014,0.03247963264584541
491,1,0.8939768671989441,-0.012868302874267101,0.02313162013888359
492,1,1.1708611249923706,0.34638306498527527,0.03039172850549221
493,1,0.6435096263885498,0.081843301653862,0.01853042282164097
494,1,1.0912467241287231,0.1260618269443512,0.034580860286951065
495,1,1.5819209814071655,-0.0072985002771019936,0.022145267575979233
496,1,0.9297535419464111,0.035162895917892456,0.01793593168258667
