"ML1","ML2","ML4","ML3","measure","itemNumber","item"
0.139556684311086,0.11453280822527,0.0654263472951754,-0.00200431649919606,"AQ10",1,"AQ10_1"
-0.0251997497029035,0.0305170873484244,0.0657972767722001,0.19821789988163,"AQ10",2,"AQ10_10"
0.0912416432797442,-0.183037222845079,0.0874406272565468,0.0749408313933126,"AQ10",3,"AQ10_2"
-0.150959428228469,-0.0836970615885323,0.252107893366492,0.286311719671797,"AQ10",4,"AQ10_3"
-0.0445321993544536,-0.0695299627736157,0.51277373719364,0.13806179796843,"AQ10",5,"AQ10_4"
-0.113036063831809,-0.114793293925836,0.230539848827625,0.173538579982972,"AQ10",6,"AQ10_5"
-0.114545410668483,-0.0439758492019737,0.122036149459906,0.123520283509977,"AQ10",7,"AQ10_6"
0.0479358286325223,0.138628861524559,0.0050530465453818,0.0964124563972547,"AQ10",8,"AQ10_7"
0.16535142385282,0.280149671734005,-0.176781851762573,-0.00241605176257677,"AQ10",9,"AQ10_8"
-0.177534656659501,-0.0951968417561511,0.0598625495400955,0.231305558283346,"AQ10",10,"AQ10_9"
-0.0247022245240983,-0.00653051269321665,0.567847181709081,0.0481390920245582,"ASRS",11,"ASRS_1"
0.0649015342078008,0.0361799740163273,0.617011533881654,-0.035961694465209,"ASRS",12,"ASRS_10"
0.0808852152699272,-0.0362180499562421,0.644415546636086,0.0325882755040344,"ASRS",13,"ASRS_11"
0.0742337167219177,0.299881714585546,0.313369386953122,-0.0946411409074121,"ASRS",14,"ASRS_12"
0.26217131203161,0.0801101192386244,0.542398204252226,-0.0584457420059887,"ASRS",15,"ASRS_13"
0.274218868079725,-0.0167491098425764,0.426135044249364,0.00493926484488713,"ASRS",16,"ASRS_14"
0.203116199745551,0.141131413359976,0.445742827042686,-0.271125424170324,"ASRS",17,"ASRS_15"
0.1530131061013,0.130661384331472,0.457918951453383,-0.26760291997235,"ASRS",18,"ASRS_16"
0.111931954392293,0.261002219343304,0.464510362336943,-0.188075400092847,"ASRS",19,"ASRS_17"
0.0627826350956774,0.195187521569409,0.490006732420336,-0.179712551708513,"ASRS",20,"ASRS_18"
-0.0493518754933447,0.0524702311092384,0.609089445922584,0.140414758107066,"ASRS",21,"ASRS_2"
-0.00387493329103539,0.0641445693080534,0.577933729166805,0.0408668635239758,"ASRS",22,"ASRS_3"
0.0390763425406869,-0.0663777856356787,0.625436092510856,0.15834229500919,"ASRS",23,"ASRS_4"
0.197718641738432,0.0024920245764591,0.531209042167326,-0.0052668614953855,"ASRS",24,"ASRS_5"
0.249259164230987,0.23677773881454,0.288035378850273,-0.179874579424512,"ASRS",25,"ASRS_6"
-0.0611143800115516,0.109458324313633,0.630459922168568,0.0620648515577092,"ASRS",26,"ASRS_7"
0.018605001102732,-0.00204816827513647,0.683392036445912,0.0594028700657322,"ASRS",27,"ASRS_8"
0.0599475898319361,0.0330831412382457,0.639635492258164,0.0663308645894057,"ASRS",28,"ASRS_9"
0.355325415579633,-0.0866474492614131,0.0935879456716828,0.359071830089484,"CAPE",29,"CAPE_1"
0.397487203669965,0.279890194685713,-0.187310422735838,0.151254438820187,"CAPE",30,"CAPE_10"
0.260475824092488,0.366121984709024,-0.125218158234848,-0.162353603224477,"CAPE",31,"CAPE_11"
0.208972309225276,0.0215394695975076,0.00495108981123161,0.600405613038645,"CAPE",32,"CAPE_12"
0.234019999329397,0.351598462175372,-0.0442541966222963,-0.0589706538863657,"CAPE",33,"CAPE_13"
0.283994737886962,0.0414930334164099,0.0136874234092229,0.441148322365523,"CAPE",34,"CAPE_14"
0.274289247420344,0.227030692087728,-0.0995533443025947,-0.117904158143863,"CAPE",35,"CAPE_15"
0.0683607726390228,0.0290171872384839,0.0720608668140341,0.45915063328578,"CAPE",36,"CAPE_16"
0.250972683457348,0.242503804310979,-0.0361017369140619,0.0337282880371846,"CAPE",37,"CAPE_17"
0.114233522898472,-0.058624153272115,0.325742746632368,0.493385026020502,"CAPE",38,"CAPE_18"
0.504469592631843,-0.0713931695815254,0.112759154730952,0.031712932018191,"CAPE",39,"CAPE_19"
0.416171795481238,0.131427530823249,0.0350656525598699,0.149615025575824,"CAPE",40,"CAPE_2"
0.313867140576398,0.146481605484028,0.00214867195772184,-0.063336923167501,"CAPE",41,"CAPE_20"
0.193558729526909,-0.126871377718635,0.320730147539913,0.337477633443765,"CAPE",42,"CAPE_21"
0.328944652765881,0.12079358397692,0.00370691420053053,0.331539422576505,"CAPE",43,"CAPE_22"
0.222494289877475,0.136127588437695,-0.055348688714536,0.359568393982554,"CAPE",44,"CAPE_23"
0.187875646477829,0.0263524227887435,0.131973429741987,0.480890119460078,"CAPE",45,"CAPE_25"
0.0125878798488447,0.169371601672088,-0.0318735757404917,0.516996841445748,"CAPE",46,"CAPE_27"
0.197780498626966,-0.0810592330497228,-0.0202622855959584,0.421865003002025,"CAPE",47,"CAPE_29"
0.0256708754203757,-0.025141079033097,-0.0483096860168598,0.545585874089301,"CAPE",48,"CAPE_3"
0.357755802516535,0.260614616539412,-0.0288917818711049,0.0770920613795961,"CAPE",49,"CAPE_30"
0.0606652108683038,0.224035260333661,-0.0349884181334718,0.517311649056514,"CAPE",50,"CAPE_32"
0.188834071189196,0.0728197649452077,0.209632730672534,0.300564217319215,"CAPE",51,"CAPE_35"
0.125788489861135,-0.0609139202712636,0.385267005186075,0.372862308750521,"CAPE",52,"CAPE_36"
0.131186830076701,-0.0429933059466384,0.107592857153257,0.414729487153694,"CAPE",53,"CAPE_37"
0.358601173336903,-0.0632428592365947,0.163498588127153,0.272929586655637,"CAPE",54,"CAPE_38"
0.271463224716788,-0.113000854420376,0.159948994766259,0.520252150566866,"CAPE",55,"CAPE_39"
0.00757949403036942,-0.101914675286403,-0.0854634625335901,0.575671864053993,"CAPE",56,"CAPE_4"
0.472908405505145,-0.0841623755793229,0.223673993549989,0.138909051063066,"CAPE",57,"CAPE_40"
0.412422603290055,0.20373372900817,-0.156662331407118,-0.0215456840151454,"CAPE",58,"CAPE_5"
0.272640091020752,0.150441198173833,0.00146371462082781,0.242676778673566,"CAPE",59,"CAPE_6"
0.40909305777878,0.244331415265591,-0.135070249170738,0.230339418420828,"CAPE",60,"CAPE_7"
-0.00900132610781264,0.252090578856822,-0.0394503278944217,0.512161112578124,"CAPE",61,"CAPE_8"
0.19863553357456,-0.00337305582889144,0.0126021557048274,0.539079113789415,"CAPE",62,"CAPE_9"
0.0526032792671499,0.298277797058995,0.0603616929469464,0.0467450499420527,"ESISF",63,"ESISF_105"
-0.140947799895995,0.157328398470295,0.118120705199036,0.200990215792503,"ESISF",64,"ESISF_110"
-0.19030777957082,0.565801707427425,0.110873947707573,0.0932941146916038,"ESISF",65,"ESISF_111"
-0.0397965078530095,0.576063739942695,-0.137912526923835,0.0127745415104069,"ESISF",66,"ESISF_115"
0.152756798662107,0.374698683193306,0.0567725754225968,0.0946346060320989,"ESISF",67,"ESISF_123"
0.0201974316704962,0.657758397439384,-0.0431074216286972,0.0630189115745203,"ESISF",68,"ESISF_130"
-0.0112671394064223,0.70400035738148,0.000377518484528161,-0.0523371190683573,"ESISF",69,"ESISF_138"
-0.0829739360425369,0.221146404255664,0.0555205634309142,0.16774876798291,"ESISF",70,"ESISF_140"
-0.0856214015233182,0.743257534220952,0.0312088631757916,0.0695343451456821,"ESISF",71,"ESISF_149"
0.0576294088276259,0.545533092561643,-0.111937460863363,0.0896551181500342,"ESISF",72,"ESISF_151"
0.0373926144507903,0.385838972405789,0.305481225769056,-0.0353571458617836,"ESISF",73,"ESISF_152"
-0.00701377933430048,0.639091049231853,0.0550384296776835,0.00707637902908863,"ESISF",74,"ESISF_155"
0.0786558901093984,0.430418732916158,0.22905643586383,0.00404562973899334,"ESISF",75,"ESISF_156"
-0.0855689746854404,0.173780509817842,0.0994556475540978,0.224955133142729,"ESISF",76,"ESISF_159"
-0.0459235487508891,0.667079080494987,0.0671576694322361,-0.0152360969846458,"ESISF",77,"ESISF_16"
0.152982560833743,0.415216414540624,-0.102541730121182,-0.0772579432302707,"ESISF",78,"ESISF_2"
0.0562852344652126,0.523596919504158,-0.0653712444092354,0.0880515066300923,"ESISF",79,"ESISF_24"
-0.0468546700391548,0.639378018039919,0.000874049678874177,0.00214891844648957,"ESISF",80,"ESISF_3"
0.114928046302847,0.674215073283178,-0.0638748439159446,-0.182818634259744,"ESISF",81,"ESISF_34"
-0.0350913359450112,0.193919432585607,0.0772302532129201,0.159997768721516,"ESISF",82,"ESISF_35"
-0.059044223387903,0.268022907700558,0.16150708621641,0.00333469476920393,"ESISF",83,"ESISF_42"
0.0494521427768834,0.301978310340964,0.321447286919052,-0.0907986765094482,"ESISF",84,"ESISF_47"
0.0882239965604578,0.578062298889581,-0.101832956402455,0.00493482882677269,"ESISF",85,"ESISF_48"
-0.164762528378293,0.677473386476444,0.135539786612966,0.123067161163209,"ESISF",86,"ESISF_51"
-0.0223465772160493,0.447585190695895,0.108796562510757,0.0983745132023178,"ESISF",87,"ESISF_61"
-0.0973966947759557,0.34456850866165,0.14201932363727,0.0767142725385144,"ESISF",88,"ESISF_67"
0.0258613777513664,0.267883163969949,0.373446680267256,-0.0142511504425467,"ESISF",89,"ESISF_69"
-0.0026590659332041,0.263743624307501,0.00154736767759118,0.157681638827998,"ESISF",90,"ESISF_75"
0.0739795142620037,0.706260676145749,-0.00329098415071638,-0.140549901143178,"ESISF",91,"ESISF_80"
-0.0681834749650335,0.743297747158641,0.0343357245042821,0.0150614288268877,"ESISF",92,"ESISF_86"
0.0432068037903136,0.283621588449407,0.408102003196365,-0.0371752421448244,"ESISF",93,"ESISF_92"
-0.0337991653854621,0.562962182573532,0.11947946404409,0.0604299292901108,"PID5",94,"PID5_1"
0.414535313601874,-0.0214626435913598,0.108868482188392,0.037414230297835,"PID5",95,"PID5_10"
0.216688765581157,0.16022961296905,0.21381686378939,0.194860838017885,"PID5",96,"PID5_11"
-0.0217287816645398,0.090418468193041,-0.0668958844528885,0.371593393604635,"PID5",97,"PID5_13"
-0.113039804906175,0.0893146254089747,-0.022137422459541,0.500561943454463,"PID5",98,"PID5_14"
0.138306034841013,0.0778736084910718,0.349938649803938,0.271650350371103,"PID5",99,"PID5_15"
-0.0694966100442095,0.101245528658456,0.0611198507398378,0.547199920760272,"PID5",100,"PID5_16"
-0.113240073786301,0.0722376985981842,0.0604958684200667,0.633823915391874,"PID5",101,"PID5_18"
0.325687944035016,0.278697792252141,0.170268599389644,-0.169495755911846,"PID5",102,"PID5_19"
0.000557178395783522,0.501256191720178,0.249022600518813,-0.000312698489039857,"PID5",103,"PID5_2"
0.118177119785341,0.403512983902077,-0.0777899356443397,0.0262662282251535,"PID5",104,"PID5_20"
0.0891521492623256,0.313337886432864,0.203925008230694,0.223702476008257,"PID5",105,"PID5_21"
0.093940026698316,0.541042416372718,-0.0633452559317757,0.0857062438314073,"PID5",106,"PID5_22"
0.172332401990881,0.220187684999391,0.316404364454448,0.180690749564902,"PID5",107,"PID5_23"
0.29564511830722,0.302218846509403,0.0680263336883734,0.187311327299221,"PID5",108,"PID5_24"
0.0862933174446805,0.543577450973839,-0.0607659923788725,0.0712497558837059,"PID5",109,"PID5_25"
0.00822675319095043,0.457357234131106,0.293906333289754,0.0904176696437388,"PID5",110,"PID5_3"
0.180700007963982,0.096379422202014,0.133420960694701,0.534530213165622,"PID5",111,"PID5_4"
0.00230583616019529,0.435240978540888,0.218016023844262,0.191251831398394,"PID5",112,"PID5_5"
-0.079004906164906,0.198827704230309,0.28970088293987,0.250631313055407,"PID5",113,"PID5_6"
0.0858070542281358,0.223805503479536,0.282803638728269,0.28649954998736,"PID5",114,"PID5_7"
0.475379133545148,-0.136924310605336,0.231368060620065,0.220726528112777,"PID5",115,"PID5_8"
0.477648881339367,-0.0907740600509286,0.281590934032563,0.00359500808801473,"PID5",116,"PID5_9"
0.580360816657747,0.00187984251847804,0.065094507534495,-0.0960764652734137,"STICSAT",117,"STICSAT_1"
0.604559365689201,-0.0333996727490504,0.148257019610718,0.112059873952971,"STICSAT",118,"STICSAT_10"
0.254798942119393,0.0366140669537506,0.325483336277333,0.153436030213225,"STICSAT",119,"STICSAT_11"
0.566687675832126,0.0571966360503302,-0.0532219612074698,-0.0847219530392887,"STICSAT",120,"STICSAT_12"
0.533168761770456,-0.0454439972239804,0.0441444380375572,0.289318336405206,"STICSAT",121,"STICSAT_13"
0.508185289066033,0.0790858855662885,-0.0344538348326059,0.053205233950992,"STICSAT",122,"STICSAT_14"
0.442640968512951,0.0626001864115483,0.0707876821704132,-0.0391063647155677,"STICSAT",123,"STICSAT_15"
0.571930941931534,0.00449364385139712,0.132902012142541,0.0357157999792317,"STICSAT",124,"STICSAT_16"
0.490744886424152,-0.00726496248513079,0.274663592414839,0.139767455763193,"STICSAT",125,"STICSAT_17"
0.582411218500377,0.0607251516492029,-0.0177353776854643,-0.00822445515863743,"STICSAT",126,"STICSAT_18"
0.590534952420169,0.000664445545379221,0.151095914617452,0.138253741824288,"STICSAT",127,"STICSAT_19"
0.572585505439505,-0.070592333021404,0.17814298639874,-0.0267960540788171,"STICSAT",128,"STICSAT_2"
0.652510430407424,-0.0359925190615372,-0.0678517362248034,-0.0980073435835349,"STICSAT",129,"STICSAT_20"
0.515917106572748,0.108296344630958,-0.0418114002908177,-0.0512895165910142,"STICSAT",130,"STICSAT_21"
0.586051100591548,-0.058730175649806,0.100578801112719,0.177168723930227,"STICSAT",131,"STICSAT_3"
0.421249133604024,-0.0790917143799924,0.161665013158085,0.302592176586311,"STICSAT",132,"STICSAT_4"
0.341312001639346,0.031243594934628,0.12326542868635,0.278721082707268,"STICSAT",133,"STICSAT_5"
0.574723638377655,0.0797067065896464,-0.0490298539488711,-0.0245728639316416,"STICSAT",134,"STICSAT_6"
0.517059573202942,0.0150251219441186,0.00937548005334124,0.11424205790064,"STICSAT",135,"STICSAT_7"
0.669662869171904,-0.00659945003870846,-0.0438959142230009,0.00651662514769993,"STICSAT",136,"STICSAT_8"
0.480042994193234,-0.0701063073439759,0.0808391669672597,0.245107563416726,"STICSAT",137,"STICSAT_9"
