"ML1","ML2","ML3","ML4","subjectID"
-0.838270738877818,0.29839145236711,0.420765647791925,0.139547838884008,"subject000"
2.80919349399656,-1.02067310213775,1.07732032215129,1.6776942903006,"subject001"
-0.325035423439592,1.15607589484545,0.11661926781647,1.3034912077678,"subject002"
-0.600092752962587,-0.387779157228203,-0.268769332033178,1.23719824928994,"subject003"
0.607787320221567,0.0370337701407458,1.72580152773669,-0.486871520763741,"subject004"
-0.676396827262774,-0.251566599685884,-0.122496430254869,-1.44217843766562,"subject006"
1.20906403025987,-0.198552287983851,-0.695748539489298,1.04506925899895,"subject007"
-1.59740851673127,-1.03021788315282,-1.9726372102743,-0.72316935159597,"subject008"
0.686711613899378,0.584552402165905,0.260707934853928,-0.0475697784142641,"subject009"
0.844198423547023,0.618629306118459,0.377171122475816,2.29412685568094,"subject010"
0.695224728974698,-0.27950563193609,0.746601677080371,1.86027662414579,"subject012"
0.387457024855173,0.546394641327177,0.171415288699462,-0.566333854337553,"subject013"
0.529952209945725,0.47345203022465,0.268877567909535,0.394204975737247,"subject014"
-1.04370893784636,-0.0484843448035628,-0.0042386011346644,-0.813216203969603,"subject015"
3.20828578716599,0.311400564135179,1.21240766862248,1.90564626709851,"subject016"
1.57824740446839,0.628656882797085,0.337344503746804,1.02538365469631,"subject017"
0.672055979881043,0.302909466529415,-0.209175315869439,-0.629597281952538,"subject018"
-1.08080235334511,-0.45918552069933,-1.41575619542398,-0.718121759986275,"subject019"
2.3464416495816,-0.290513806402136,1.2604169010667,2.34108700862689,"subject020"
0.201688187426297,-0.765321330682869,-0.48080078351861,0.339871235862834,"subject022"
-0.395026126630552,-0.738100252328487,1.0816745099435,-0.0311697790239843,"subject023"
-0.919274665626648,-0.317157746832059,-0.588845492156833,-0.506891845985653,"subject024"
0.980635894293959,-1.00079353446448,0.686654272249316,1.19098054780059,"subject025"
2.0725716314305,0.58002538432205,2.28231057474667,1.22592165968129,"subject026"
-1.05845201430092,-0.976721366665207,-0.426534354650587,0.831339755599619,"subject027"
-1.52883001987281,-1.05444255293209,-2.48665268530263,-1.3630620141024,"subject028"
-0.650460673179389,0.516242164439359,1.37493910961134,-0.691853071380355,"subject029"
-0.658724100192172,0.361168549310166,1.01920863201953,-0.499249545037771,"subject030"
-1.28852627981318,-1.45747806469305,-1.15220937245136,0.116184456965985,"subject031"
-0.365097479603219,1.26903220283,-1.13943026474198,-0.540367857235099,"subject032"
1.70165924361415,1.0121309878311,2.27488353150337,1.62853053950797,"subject033"
0.388697042292895,-0.295037969922595,0.395746373113346,0.625038391990697,"subject034"
-1.13577056797372,-0.768207487796011,-0.487545259499167,0.437593431475542,"subject035"
-0.499232498058095,-1.26438195242399,-0.658202596025481,-1.03414718907324,"subject036"
0.191476337367025,-1.26831268147319,0.74856833927924,0.416928989318963,"subject037"
-0.679293007051548,-0.565478603295263,-0.481585490400316,0.00513774826285856,"subject038"
1.57127997274951,2.95418744400728,1.61944173307938,2.58022419198519,"subject039"
0.292024965142736,-0.791978832521371,0.0806737486751775,0.480262453334121,"subject041"
-0.829318029203554,-0.942567844606252,-0.412998901145694,-0.861209218714283,"subject042"
1.33029140293388,1.61156890268577,-0.0865610235250502,0.722100747019813,"subject043"
0.699529137320738,1.1001206622005,0.771340233871251,-0.334837607951579,"subject044"
-0.379718421692151,-0.182954400234865,0.537849550324653,0.234238962155003,"subject045"
-0.638722968219896,0.177263384846082,-0.778215539748538,-0.186141946709045,"subject046"
-0.272148854803657,-0.725234921039712,-0.831986557662177,1.52799696078907,"subject048"
-1.27739914540619,-0.523516065546742,-0.85346748565193,-0.263056296476228,"subject049"
0.606445128345721,-1.45587696749712,-1.41081065391334,0.000686147207744514,"subject050"
-0.652290732348206,3.18720099568774,0.477710381595443,0.885187207319098,"subject051"
0.497069932164125,-0.691374568314666,-0.529264238737049,-0.32155108157762,"subject052"
-0.802688831348497,-0.486818602910996,-0.626512294430398,-1.24656115367472,"subject053"
-0.703075581753677,0.250049354430837,-0.594854152382908,-0.366804624050347,"subject054"
-0.952135074842799,1.3733438221647,-1.24989582447978,-1.29666681061051,"subject055"
-0.467896668964348,-0.630910282346159,-0.0570790964698184,0.205806512291144,"subject056"
-0.437796411074934,-1.05104483919186,-0.916308541545478,-0.55393106716524,"subject057"
1.2239167933382,-0.919969398883571,1.78800572635809,0.649157214131266,"subject058"
-0.985619595606093,-0.270300931211215,0.113052415896166,-1.12310028925107,"subject059"
1.18120722147898,-0.101739527005795,-0.147831987949567,1.02280961729717,"subject060"
1.43142977201039,-0.299682462624375,0.869782593952401,1.32968344707562,"subject061"
-0.5793807879113,-1.12935636572661,-0.512404757587178,-1.28590408207897,"subject062"
0.862284034440316,1.75192084159489,3.15082591673482,-0.196014630201256,"subject063"
-1.14225432324066,1.02917276067578,-0.199803160302425,-0.404690469991141,"subject064"
0.689856801583523,0.0610916427660187,1.22403116454393,1.08064073618951,"subject065"
0.26207130093555,-1.51336050519601,0.17138011777517,1.38400989956599,"subject066"
1.25824471860734,0.838131619908179,0.0753573675895552,1.42857625649952,"subject067"
-0.559217196546693,-0.878209831791102,-0.191639256085007,-0.187313830998247,"subject068"
-1.21556725039228,-0.399684621975614,-1.86636544486511,-0.287147275397268,"subject069"
-0.370943850793312,-1.32282614736941,1.09748253522767,-0.259146690695189,"subject070"
-1.47402107335819,-0.921238332127789,-1.48959911521074,-1.45052036289986,"subject071"
-0.801273068428133,0.522103398672199,-0.865480078066877,0.818063032632997,"subject072"
-0.490766513549002,-0.237094746760152,0.0625849157602467,0.92057088093315,"subject073"
-0.209126382672561,-0.766103717760434,-0.400625176474134,1.78406913908585,"subject074"
-0.486923165092623,0.431317612380306,-1.13349343425378,-1.52039790462725,"subject075"
-0.500730558313144,0.384655972681119,-0.30688152315285,0.0350622220511185,"subject076"
-0.581118123423328,0.464740670729012,0.271153475531917,0.104762892132554,"subject077"
-0.408517662514093,1.76346199960477,0.447420178411924,-0.476652235277407,"subject078"
-0.86515816040913,-0.345679694059854,0.930026087470236,0.830396193097948,"subject079"
0.545279126402175,-0.414001206612107,0.430950200062013,-0.0988457836548362,"subject080"
-0.262832694923839,0.106235068019493,1.59942605008328,-1.20857769719025,"subject081"
-0.0554585675654497,-1.28362819570423,-0.132179685965964,1.92408956991891,"subject082"
-0.0279746279018381,0.76061843735747,0.700462031647254,-1.09901121222838,"subject083"
-1.35083689301994,-1.35101639305902,-1.66261579182371,-0.545048657292967,"subject084"
1.48530052242348,0.493625860201918,0.84909441381934,1.40036076785306,"subject085"
-1.2985808479569,-0.30198936224717,0.0639387358946286,-0.729931111686566,"subject086"
-1.10764412250354,1.3890750116394,0.600528260718977,-0.500500454715161,"subject087"
-1.07241392861559,0.180280440883282,-0.0773045734345745,-0.238267195871074,"subject088"
-1.49370503358569,1.74316422527181,0.450158490364411,-1.39959459858771,"subject089"
0.0957986781110677,-0.522604904840123,0.32607968180314,-0.259757325323554,"subject090"
-0.385486637421477,-0.0760569467928137,-0.226197701810408,-0.0881012346063418,"subject091"
1.2105858800951,-0.584613485914862,2.34447939193651,2.36299950895505,"subject092"
-0.896969368396313,-1.20793908004486,-1.65805211734412,-1.06678383631642,"subject093"
-0.402152320021009,-0.645067393432974,0.044419706048302,0.644833918114988,"subject094"
-0.819354342404333,-0.239168759057601,-0.580915019885007,0.854068497654904,"subject095"
-0.862382254495759,-1.01869831631641,-0.613127803394989,-1.74858232311283,"subject096"
-0.88464458824389,-0.187877246646092,-0.673780233240236,-0.821855897342521,"subject097"
0.708486417646756,0.060995464841317,1.19032869930968,-0.640272329033799,"subject098"
0.157606481643503,0.708862344386233,-0.0305925819975652,1.68694725003289,"subject099"
-0.697096822037899,-0.35160563835678,0.183302360863022,-0.311446294736618,"subject100"
-0.968865761965962,-0.482363995870568,-0.328780574666444,-1.02254769985858,"subject101"
-0.828480637084263,-0.365088234258255,-0.421795060742,-0.706565433918859,"subject102"
1.16677121892356,0.187333231499144,1.17356846347912,0.0480557933041105,"subject103"
0.566994259878045,-0.441600873808991,0.351897614753083,0.848712297291844,"subject104"
-0.45405659548523,-1.24727411729143,-0.256304265395018,-0.734103365851345,"subject105"
-1.20520107177922,-1.01441703960626,-0.591522738191599,-0.0317796335000615,"subject106"
-0.228508171319894,0.0455820310075722,-0.200171841588198,-0.075086692943163,"subject107"
-1.46104040814528,1.04534041336331,-1.9770324461352,-1.57402650234408,"subject108"
-0.169826200430859,0.911405218764965,-0.344019782901473,0.547979815354304,"subject109"
1.63663937142755,1.99008007894009,1.06643363359081,1.56944028398028,"subject110"
-1.14523217639288,-0.0194603175314855,-0.0363648192143059,0.918141262632747,"subject111"
0.0632238614713864,-1.24328649129629,0.0292392197057131,0.0406721510091719,"subject112"
-0.626307142859046,-0.229700949866176,-1.15963124485332,-0.900167748497809,"subject113"
0.295952017057912,0.939650531889902,0.368051445704359,1.19943756872914,"subject114"
-0.270088548619196,0.62216003370403,-0.42311238162186,-0.125453901377533,"subject115"
-0.386824760434534,1.20885414105183,0.167095385178662,-0.978397504407441,"subject116"
0.10288227542506,-1.35878656178165,-0.669871677025024,0.100128901662074,"subject117"
0.404019242813496,-1.05049005259746,-0.233512999663975,-0.680243298326331,"subject118"
-0.928764881135473,-0.396879405502074,-0.0283073600742141,-0.394552553485327,"subject119"
0.920585758802084,1.15403624233203,-0.203650581378505,0.475750911726645,"subject120"
0.599235888422465,-1.38817938089197,0.144717976240345,0.499577704564017,"subject121"
-0.843223866964754,-0.705057870392718,0.457901702045414,-0.352860142647953,"subject122"
0.0929332823898172,-0.0980873828499057,-0.422690901395464,0.804870610506871,"subject123"
0.238762574211663,1.82630019015388,0.306696480749364,-0.13252086095628,"subject124"
0.336390509227063,-1.01256190399149,-0.215140346549429,-0.794143118887364,"subject125"
-0.683841999202126,-0.0740007066123734,-0.333713931375721,-0.171917013122234,"subject126"
-0.908449602873224,1.73380974542286,-1.40979437257537,0.259697065716717,"subject128"
-0.29000960723952,1.07953886221208,-0.240406365567763,-0.245826764651701,"subject129"
0.689332523170157,1.39324534821917,1.1096608821741,0.363751786755336,"subject130"
-0.928358069509783,0.0895662521284352,-1.32384500946012,0.13521752420262,"subject131"
0.0272455831168403,-1.5710465791907,0.335897855422904,-0.16560970993084,"subject132"
0.157944317790002,0.516253243854552,1.42424857474921,1.06758772642962,"subject133"
-0.77975084026797,-1.13350203911319,-0.667239409216104,0.137733096227227,"subject134"
1.11996689817952,-0.418615589203198,1.28787919012608,1.21252069762839,"subject135"
0.00637723952784792,2.51363028413705,-0.30380301482747,0.0167224400487637,"subject136"
-0.0741578616550515,1.52109288508845,-0.507656103074856,0.367332729777817,"subject137"
-0.516344630696129,-0.285779643050235,-0.160651076007953,0.777740613723376,"subject138"
-0.272792943043575,0.52957484184162,-0.175048162815876,-0.162756423336268,"subject139"
-1.16599642959128,-1.20886600765727,-0.46808843988549,-0.0538510154958638,"subject140"
0.12315658694777,-1.26050753151171,-0.845304863634289,-0.379050482768742,"subject142"
-0.79853127882408,-0.406276058832662,-1.17467214528185,0.258200284972158,"subject143"
0.474098681960259,-1.35529059932787,0.814325544970334,1.84417054822272,"subject144"
0.773997057739469,0.216293527917889,0.446575326384854,0.87664710245855,"subject145"
0.390523722316139,-0.460315331394561,-0.114539300899961,0.109187700232469,"subject146"
-0.417891628153493,1.34822788674531,1.46679265122368,-0.577302182811207,"subject147"
-0.674375358818168,-0.852438302104082,0.0613427599518329,0.378320825720337,"subject148"
-0.259331911865757,0.423913720775308,0.905630997723496,2.90876957338148,"subject149"
-1.56640898672839,1.13516411086806,-0.0390222779114997,0.294495004938173,"subject150"
-0.124569327006082,-1.23319758561974,-0.00708952316925034,1.00900135737711,"subject151"
-0.852848096674202,-0.533035027556401,0.0984529899246151,-0.474716783176762,"subject152"
-1.15498899546788,-1.34776019190498,-1.33420934798786,-1.13264387267287,"subject153"
0.166535914350167,0.287572756633277,1.41746475197112,0.0714830831604401,"subject154"
-1.13386845875865,0.56479388993791,-0.84059034709801,-0.480187258901982,"subject155"
0.165933838939751,-0.0654454335143952,0.542305935594842,0.59839053978236,"subject156"
1.58198988702592,-0.887704681451201,0.360417845935907,0.0382682675984488,"subject157"
-0.343415382566858,-0.508482591746531,0.497615648116089,1.24919088307835,"subject158"
-0.174539061628805,2.25385007600392,1.48647673605655,-0.802785270438075,"subject159"
-0.248520387445017,-0.954981925395322,-0.26881632914343,-0.0798183368130431,"subject160"
-1.08779602176811,-0.977372052628043,0.101527576402967,-0.616870290077918,"subject161"
-1.34263701977102,-0.176534808650185,-1.20042537912651,-1.02206664913881,"subject162"
0.111757729270357,-1.35171113718285,-0.237339574586054,-1.3064568492568,"subject163"
-1.40145992239221,-1.13811774208614,-1.82047051380749,-0.963612066972843,"subject164"
-0.53530080179051,1.60751422184441,0.237880176360729,1.2241049587492,"subject165"
1.06396177482943,-1.47358330126166,-0.938923082122185,0.145907811402194,"subject167"
-0.897459015013833,-0.552695681753424,-0.665142453871104,-1.21121004934209,"subject168"
-0.28483897944875,0.984433191111489,0.0766230957835882,1.5175283269285,"subject169"
-0.149694908087391,0.546044401092832,0.167594724742135,0.594449431463422,"subject170"
-0.499425299383908,-0.460128923686276,0.0953782780283366,2.51450059337511,"subject171"
-1.53331877294221,-0.356635464986362,-1.16840708650263,-0.90373719175732,"subject172"
-0.278122843144876,1.67628374574238,0.699056639146182,0.0647678850501047,"subject173"
0.0800590485512059,-0.074529333071034,0.649185413506099,-0.362611871464164,"subject174"
-0.273659550126197,1.68856851514485,-0.836774856837747,-1.44708742416227,"subject175"
-0.355687815397543,0.537789281707724,-0.953580249867263,-1.57899640853445,"subject176"
-1.16727291320372,1.7202285007633,0.432781559461057,-0.79663519079424,"subject177"
-1.53141345863822,0.392343861531893,1.20856955414273,-1.06717699947408,"subject179"
-0.854368165708093,-0.456740365286533,0.69611192899567,-0.273864477766536,"subject181"
-0.194189009699254,-0.952965896125686,-0.339802534716503,-1.2035222631305,"subject182"
-0.322606582341706,-0.702164429146416,-0.573481770329669,0.656574081007908,"subject183"
1.03618790714934,1.62732800632814,0.954738106310356,0.402665237814795,"subject184"
-0.771038624691678,0.261405057172965,0.509446513399393,1.52043284948907,"subject186"
-0.966158390393806,-1.16102958754688,-0.863047920655167,-0.558528995270174,"subject187"
1.16429743520666,1.079648809943,1.27505664048144,0.636097080465292,"subject188"
1.47350211569831,-0.816301749360073,1.46172694577152,1.81710183367056,"subject189"
-0.971127027292666,0.00809659949227501,-0.88388804128534,0.879465842520078,"subject190"
0.0355540680413189,0.270270379261528,0.661125520444733,2.92727919050532,"subject191"
-1.07174514816959,0.29020018318105,-0.690014023721445,-0.161489649987203,"subject192"
0.154573043923493,0.0171336842057411,-0.0942448120260615,0.236986185989153,"subject193"
-0.596280811762318,0.428615701589341,-0.419326239729027,-0.161258927871087,"subject194"
1.80138663379053,-0.655784005751356,-0.108134305927232,1.05664971475438,"subject195"
1.1978351529732,-1.07802995095389,1.75982187069997,0.795686962886843,"subject196"
-0.441036403985699,0.102145952415095,-0.22235814893538,-0.497507310377719,"subject197"
-0.586496155734642,0.576846578051927,0.951485465577187,1.12369418625309,"subject198"
-0.94435362319084,-0.053758777761351,-0.866752657228578,-0.0213415160642328,"subject199"
-0.605295452520145,-0.65650820896699,0.608865319576176,-0.0983372618357557,"subject200"
-1.54778469759317,0.506167858857104,-0.857943110853876,-1.20140332087892,"subject201"
0.542403868031233,-0.321953122803885,2.40611796272582,-0.288584418943399,"subject202"
-1.41395473612233,-0.437848922026326,-0.969129445156517,-0.875862098943112,"subject204"
1.06586528781759,-0.97226069526958,-0.793963171512689,0.949693692197795,"subject205"
-1.55339576916008,0.0748168754868173,-0.29506195816533,-0.354983849642724,"subject206"
-1.28506409023512,0.359370726469099,0.347765225478444,-1.06780709490487,"subject207"
-0.0707941898733518,0.94462948103244,1.7493468664626,-0.305712423759355,"subject208"
-0.467085467863865,-1.73831152210315,-0.188252443960362,-0.210005195360459,"subject209"
-1.15135214294346,-0.783007542215964,-0.874672925200796,-1.00223154346811,"subject210"
2.32574086148277,0.479442627278218,0.843826079004727,1.51931006291064,"subject211"
1.78923806346991,-0.427171088221503,0.803925809995943,1.41134036519551,"subject212"
-1.5737252686693,0.21672312511687,-1.08028904174589,-0.0723232173147806,"subject213"
-1.05655334683628,1.36260729236413,-0.520181298302255,-0.237328695759526,"subject214"
-0.287707690384467,-0.217605371250884,-0.469541024595849,1.08589008232245,"subject216"
0.89055662109319,1.83799878560901,1.33524242844348,1.5427366289732,"subject217"
-0.373895219807054,0.361548601338879,-0.115560907667314,0.730222992135875,"subject218"
-0.018974898335418,0.740088784338361,0.512443020194204,1.16970096457577,"subject219"
-0.204635387149147,-0.0933415158424998,0.0455627328624599,-1.31021115083816,"subject220"
-0.891667339377759,1.03657821431481,-0.603934131087859,-0.0606722019150669,"subject221"
-0.0636184693389017,0.309101330891751,0.781389815893219,-0.998778889174592,"subject222"
-1.45028454009167,-1.22427764396518,-0.975443515900303,-0.852495458342769,"subject223"
0.562073661365158,-0.540707931268007,0.416733292250508,1.20589795779591,"subject224"
1.89610852719408,-0.320612608641586,0.321426812151223,2.5677842657627,"subject225"
-0.84136518821624,-0.25075346486582,-0.0576078001196332,-0.17655378875161,"subject227"
-1.312543300874,-1.46691757803098,-1.63129537017768,-0.621073549789284,"subject228"
-0.529313874445533,-0.665353050355838,-0.435027511441164,0.250194826139712,"subject229"
0.195088987150084,0.120895991272804,-0.331886578931223,-1.09095783902253,"subject231"
0.0889821825365544,0.185282233392423,-1.46752904014472,-0.231897923098134,"subject232"
-0.234773252453253,-0.166121945378122,1.07175124569858,0.0706492472451868,"subject233"
-0.625275767151143,0.321804992285878,-1.68502716643423,-1.16001371592846,"subject234"
-1.00824348217226,-1.1720181852862,-0.0796565496432227,-0.292600533220331,"subject235"
1.72953459975682,-0.451313831316063,0.944128381575432,0.186096847396974,"subject236"
-1.10593204304503,-1.12868029586326,-0.964396243303981,-0.646012471615311,"subject237"
0.384120432022322,0.0614881869301492,0.106476452891529,0.40334903045087,"subject238"
0.692680966995259,0.0267685271309305,-0.736326790582856,1.19115208876815,"subject241"
0.0232124464208024,-1.322664264875,-0.358086049194145,0.626137333608225,"subject242"
-0.458164342186391,-0.481788517655223,-0.296007140524301,-0.611673219941921,"subject243"
-0.873383898517776,-0.381808396432616,0.191319412672218,-0.514905318056939,"subject244"
-1.38172924431344,-0.326875755471996,-1.69573886125771,-1.2400021278613,"subject245"
1.766214581904,-0.101877798394969,1.03061651396662,1.54114586160613,"subject246"
-1.00476899976872,0.656961775252125,0.290109115579957,-0.472166216129341,"subject247"
0.49927363351622,2.3962851428284,0.79974052437748,-1.04723233097379,"subject248"
0.173535313629636,0.134473797913197,-0.138538026926958,1.2943322903757,"subject249"
-0.0695124626519217,-0.823323037966033,0.0979597454611538,-0.81441835805048,"subject250"
-0.568685548064429,-0.705401618071058,-0.165334135034429,-0.225989582434389,"subject252"
-1.02534247677906,-0.729357959758585,-0.455682697762731,-0.410338410471964,"subject253"
-0.129633728711794,0.431062773581494,-0.206612870590047,0.347388870470431,"subject254"
1.54996861996951,3.16974557159634,1.85571169448789,2.32237059672734,"subject255"
-0.120423335423423,-0.958294586312902,-0.655325621378168,-0.027752872662386,"subject256"
0.703119523121029,-0.198501703838,-0.0773458270166305,0.236389827801611,"subject258"
-0.231952075943247,2.50265322599624,0.514374086915485,-0.305699284792461,"subject259"
1.55804107723757,0.380593990785788,1.68819727226835,-0.264061105846801,"subject260"
0.119014983798576,-0.359759989356242,0.18724194563261,0.329906208255514,"subject261"
-1.20742286417027,0.174847038380026,-0.631188732532308,-1.47220671287623,"subject262"
-1.17386150960804,0.36813731575523,-1.32905408887826,-0.902518140757228,"subject263"
1.40962827872775,0.0124029761995909,1.22482915780826,0.160330258924383,"subject264"
-1.31209487486654,-1.17706880658955,-0.91689105455696,-1.3216252693432,"subject265"
0.456162586046216,-0.186865944595427,-0.527927551486003,0.894379458017976,"subject266"
1.14804842507093,-0.525498208112903,0.525661240546569,0.922892068607525,"subject267"
-1.24550314283658,-0.67030064391515,1.41693420288342,0.45412519247017,"subject268"
-0.70692347973662,-0.208760998209904,-1.39604699563038,-0.955223794520318,"subject269"
0.938256001615878,1.27184827368498,0.43439995640628,1.44223648618721,"subject270"
0.387968735665853,2.80019885149428,0.492635250969438,1.69608925038731,"subject271"
-0.623251017873149,-1.35150533968286,-0.403525587427449,0.0945536673201089,"subject272"
0.915760759356937,0.429863720063471,1.98282579143539,0.363759547843786,"subject273"
-1.46619163933663,-0.984191130796438,-0.362828306633342,-0.486649095148508,"subject274"
-1.1612755290836,-0.224115963772627,0.397236795502037,-0.515475377549346,"subject275"
-0.337584778851733,-0.797124751725809,-0.72510282884989,0.326133729002508,"subject276"
-1.39306280784937,0.425836465401952,-0.861606469953416,-1.67087383963662,"subject277"
-0.478651779819105,-0.870648350429224,0.276937162863877,0.101952676573229,"subject278"
-0.74978608326252,-0.074383201128402,0.117852399915468,0.641077840580031,"subject279"
2.0863785685963,-0.0547695558171607,0.414049433447491,1.38536244159341,"subject280"
1.43943731049674,1.14852556535821,0.907739008687495,2.53648622778387,"subject281"
-0.280871804828952,0.45432181045166,0.256443155432237,-0.509287612102554,"subject282"
2.17858139328573,-0.653127880066992,0.192851810342237,0.79801929460515,"subject283"
0.288845810066391,-1.23975579836213,-0.176053669389951,0.639622765474033,"subject284"
1.25665392322325,-0.392277566130467,0.185158659239724,-0.110144297940035,"subject285"
-0.769669659009009,-0.32081692861022,-0.409496130194022,1.47042290743421,"subject286"
1.24409548316429,0.0417070153555889,0.961434336387171,0.908712301089151,"subject287"
-0.226442076780997,0.41188628441246,-1.59575717075216,-0.79388616287435,"subject288"
-1.16078088436061,-0.968442520152389,-1.2955510206905,-1.56043886426394,"subject289"
1.47565866445277,1.0853534794162,1.3133157062194,1.66102181836375,"subject290"
-0.352967044636767,0.673204596829244,-0.775871427028419,0.319032341396197,"subject291"
-0.688991070443091,0.549333218353295,1.20307451394284,0.997844137807874,"subject292"
0.448936591975621,0.102306953583511,-0.432198072119932,-0.784625881780302,"subject293"
-0.42894975983031,-1.04558844200409,-0.820752288209254,0.619110148427981,"subject294"
0.982444581552048,-1.09975880729199,0.171286336071272,1.38052826165221,"subject295"
-0.861435424987198,0.187295714147159,0.64290992455574,0.913842424358051,"subject296"
0.534886090640065,-1.33442937696534,-0.259089059786052,-1.14449348984965,"subject297"
0.334045786849135,-0.236588067627064,0.558395322749167,-0.612159748754285,"subject298"
-0.840227898333344,-1.05890869610219,-0.533128329279605,-0.439103316601096,"subject299"
-0.8438297160289,0.725891533576451,-1.31600607380691,0.816397667420622,"subject300"
2.57182850001497,-1.31387897508146,-0.154142769715073,1.96374723355289,"subject301"
0.426453818199901,2.42202997781095,1.73185931935334,0.675379076319964,"subject302"
-1.21594723974484,0.235249294986449,-0.352732037049935,-0.736392938326728,"subject304"
-0.740878499408132,2.10231359682753,-0.676153621781112,-0.922144065668918,"subject305"
-0.215556618911689,0.726942194410506,1.82934519987778,1.0061783185192,"subject306"
-0.456652582080804,-0.97613993435169,-0.590288340940092,0.858595593836726,"subject307"
0.734647798445715,-1.39496866661554,-0.756008912833158,0.388715306701105,"subject308"
0.356000936531673,-0.29510724573781,-0.00372265723618063,-0.483926040967801,"subject309"
0.0867803935759974,-0.618914297212176,-0.122334773186202,-0.108629012933333,"subject310"
-1.35072029008167,-1.20081960176481,-1.8642789307931,-1.07367415917737,"subject311"
-1.17198838093474,0.839077509592699,-0.341024574100647,0.192136850583744,"subject312"
-1.55085262812182,-0.192973031471283,-0.319337720426346,-1.225541626161,"subject313"
1.65293352621941,0.417795671200789,1.22474607768856,0.754169764863837,"subject314"
0.163505168650096,-0.333689120804023,1.81184413770076,-0.835959137983687,"subject315"
0.0710577481589409,-0.0985002099736891,-0.539905473077019,0.481602052535904,"subject316"
-0.235764676520752,-0.0580397453089123,-0.875037708375775,-0.768607297762033,"subject317"
0.682919023070318,3.32435127727871,-1.85414877951585,1.11912959509584,"subject318"
-0.680540116972072,-0.356876908343294,-0.617696938708053,-0.788639607981454,"subject319"
0.706694317921491,1.79298163968511,-0.364249925525138,-0.709677633496191,"subject320"
-1.13469673144144,-0.705185140468371,-1.28492400265672,-1.01750413211578,"subject321"
-0.817046377808757,0.261305558922236,0.129275669273163,0.520405810332165,"subject322"
-0.54075821925898,0.744627146666992,-0.179814661559369,-0.157175790004418,"subject323"
0.211923251389547,-1.30319985558719,-1.05122563637155,1.24996791604268,"subject324"
0.221729296452428,0.78119538017351,0.501947480348834,2.23307302845779,"subject325"
0.812234551879878,0.709459664718453,0.115236934328362,0.993768443988262,"subject326"
0.273432090537995,-1.34128758308921,0.520169557163856,2.05316308619587,"subject327"
-0.083082795999201,0.291133651510092,0.245603351838918,0.330871967162133,"subject328"
1.16095715148198,-0.396720887417243,2.31249068297474,0.915507398120595,"subject329"
-1.13756199529503,0.439362346545383,-0.824871059404048,0.783820803604709,"subject331"
-1.34749369797458,-1.23895859025124,-1.01080385732032,-0.391263178987078,"subject334"
-0.638914786868188,-0.567511352983151,-0.46382287228115,-0.648956815800552,"subject335"
-1.31061900953797,-0.312763787296317,-0.337655079751621,-1.21154262570072,"subject336"
1.38431002179844,0.231279916284264,0.647156125652575,-0.995564753589753,"subject337"
1.04138847454935,-0.276907518098835,1.39128172176693,1.83063318323174,"subject338"
1.39711005184964,-1.22529384308002,-0.272758221179499,0.642272978138934,"subject339"
-0.853415131695448,0.0786744279283411,-0.19851121599231,0.531379693045524,"subject340"
1.44396298226634,-0.984297162124027,-1.26069998346212,0.281988958984138,"subject342"
-1.26776970874698,0.395471381614226,-0.701170752847145,-0.874674371010928,"subject343"
-0.820603123112911,0.928629701736706,-0.753125992080324,-0.804757371395395,"subject344"
-0.231197133606506,0.0485487039493911,-0.469936758759305,-0.0653476565207679,"subject345"
-0.533413976801442,-0.288855032954949,0.364261065833443,1.4936448922629,"subject346"
-0.61013891915811,-0.750890781773392,-0.501119915206599,0.672649802117684,"subject347"
0.292918825354762,-1.16664163491502,-0.221117063436553,0.277337073126528,"subject348"
-0.44505713392974,-0.154365222503409,0.609178756482272,-0.816677489517989,"subject349"
-1.66890394648782,-0.410689440686699,-1.06554567316277,-0.314562218962172,"subject350"
-0.651604454912916,0.486789845578803,-0.46480098544933,0.31838168277344,"subject351"
-0.741344939763629,-1.17942524406366,-1.06984024598974,-0.106909039699241,"subject352"
1.4669857135456,-1.30445682058784,-0.0196624037503294,-1.01985616517476,"subject353"
-0.548975162748972,0.584351504277167,-1.0877919601752,-0.731688911222154,"subject354"
-1.2806838041089,-0.0820558325656365,-0.942663203455892,0.907674052417813,"subject355"
-0.630771887637589,-0.325216518188952,-0.877529652226638,0.69247820050381,"subject356"
-0.0672868737282332,0.930604471426762,2.62440336593038,0.522859924350901,"subject357"
0.0361252436251172,-0.831558279872164,-0.596713025665425,0.364542680429654,"subject359"
-0.421167695092739,0.641908169490846,0.693123210887729,1.17154620980543,"subject360"
0.283885132760373,0.837394163363754,1.22588277900726,-0.424568317475665,"subject361"
-0.462161880630577,-0.205929686540324,-0.412114642614875,-0.495871780497872,"subject362"
1.45429261669641,-0.985525183558353,0.668722396972022,0.605743458661629,"subject363"
-0.429803000836894,-0.549673256391994,-0.315783701295212,-0.841975775730441,"subject364"
-0.420137863888828,-1.34101763699308,-0.210740420325256,-0.949398819238893,"subject366"
-1.08787526035149,-0.75464353923807,-0.78274370275758,-1.46077420223811,"subject367"
-1.39149017273247,0.423073078640783,-1.20453518097577,-1.25283700629097,"subject368"
0.703306370979191,1.61238019028981,2.29345861357742,0.706910486477511,"subject369"
-1.3039990703724,-0.43072083136872,-1.50862907252323,-0.973854603231764,"subject370"
0.0641500606833367,1.58109452372129,0.565992164697416,0.671657595192097,"subject371"
-0.505827355848026,0.198191895309514,-0.622104096088842,-1.19847049412072,"subject372"
0.284605694287397,2.51410669507967,0.740987882304819,-0.295812084727864,"subject373"
-0.818883053754901,-0.698414888304173,-1.20360639887228,1.16722641096619,"subject374"
-0.486885532054702,-0.416659449194399,-0.751794477696688,0.380149578195305,"subject375"
1.32795097162032,-0.697273066438672,1.5935736701426,1.61377917086008,"subject376"
-0.306377984840552,0.105810083854309,1.6493844838845,0.140982312917056,"subject377"
0.066413168924604,-1.11965360807233,0.530378154121019,-0.599285504400117,"subject378"
0.442457659184788,-0.361447394183365,-1.01661535102361,0.162440270358889,"subject380"
-0.0921778459994836,1.35923515068135,-1.07854812957351,-0.317090418789174,"subject381"
0.714003387738811,-0.728370437092867,-0.0176514541757758,-0.183667634138723,"subject382"
-0.41094984915828,-0.0846033792955073,-0.508175596338719,-0.968263763054399,"subject383"
-0.407292668396468,-0.653050098700005,-0.910645081784783,-0.620631710461621,"subject384"
0.240543471280563,-0.281366171571321,-0.491607025595172,-0.179048353199501,"subject386"
-0.729677054756976,1.16024449317154,1.65098725723375,-0.459786050060009,"subject387"
-0.186345550969133,-0.729390899910244,0.675618739321566,0.271947066375051,"subject388"
-1.49842988733289,0.759368808246792,-1.23024180613817,0.102998494167286,"subject389"
0.829258273014357,-0.69236392466356,0.396320474478022,-0.311466216423571,"subject390"
1.16275686732635,2.34676969753027,1.69524923204472,2.03933775546347,"subject391"
0.999891091017343,-0.870604503746907,-0.106374379829444,1.3655431548241,"subject392"
1.05593553426354,-1.32708034957628,-0.210277249660864,-0.0152444035592904,"subject393"
-0.0745370577296695,0.155558406846217,0.140266922016368,0.16050877792924,"subject394"
-0.6783566983665,0.543948675639211,0.259356990409218,0.698220496213971,"subject396"
-1.39866496278239,-0.839165819568747,-1.32445089822791,-0.898639052135201,"subject397"
-1.47596398942783,-1.24195091660423,-0.293274263642969,-0.584115575879026,"subject398"
-0.913388068720974,-0.40454708232002,-1.46853797085491,-1.15340341185431,"subject399"
0.437403262108829,-0.729943136262931,0.444024726807702,0.277058593619546,"subject400"
-0.753369756085413,0.0509839904479335,0.867542733207348,-0.0248609896162296,"subject401"
0.704409059758364,-0.327467633314773,1.36150886396829,0.24267602026307,"subject402"
1.89541973834274,1.06132073443072,1.37162159060037,1.21177814176627,"subject403"
0.790105198511322,1.11278653033808,0.77307874547036,-0.00348446174223438,"subject404"
-0.65522721862931,-0.998187901566837,0.191216271482231,-0.417066790522141,"subject406"
-0.367693492601827,1.08491577826147,0.23772228642794,1.16589188224772,"subject407"
0.728297869124782,1.2491632109073,0.466680178192433,0.774009112639661,"subject408"
0.199602936886862,1.26309925387914,-0.636835376492092,-2.15136598660441,"subject409"
-0.743689930603341,-0.480666125603376,-0.328590013211471,-1.03066177597348,"subject410"
2.83978350127246,0.557790488326566,0.41711295356825,2.42942464644992,"subject411"
-1.36126046568214,-0.642093091856737,-1.01044404865969,-1.04984038027816,"subject412"
0.445072325595011,-1.0186545382594,0.816789653175772,0.0313148195681094,"subject413"
0.632802704352282,0.799879879607224,0.0700511309128718,0.641946672713105,"subject414"
-0.751088901743638,0.638596730988534,0.110781827010435,-0.669953385203194,"subject415"
-0.717946789538845,0.683976019899814,-0.647997177950462,0.046728018689754,"subject416"
-0.722280752441228,-0.858605914802701,0.424717497279396,-0.679180636962689,"subject417"
-1.21645648159432,-0.943322397529972,-1.40655603175242,-0.911280990314907,"subject418"
-1.60670508287712,-0.322789123345198,-2.12792935333731,-0.709823518166837,"subject419"
-0.0371667219328471,1.56735761655846,1.37310771246787,0.00600605299969558,"subject420"
-0.491616544465007,0.476410706141874,-0.0170697341563548,0.433769798365711,"subject421"
-0.707049442917057,0.137981627727899,-0.0989412218421253,1.15704579201113,"subject422"
0.806017336307614,0.811353892769266,1.20363689827384,-1.22067344830115,"subject423"
-1.13462948743184,1.15187541924476,2.3242738994515,-0.927088203153805,"subject424"
-0.133701811558705,-1.21731466508892,0.0247799664813141,-0.892416595170849,"subject425"
-0.499499872802258,-0.289615743672941,-0.736153502674925,1.50640108006247,"subject426"
0.547381687704501,1.55872209443462,0.544547889673606,0.334414130589976,"subject427"
-1.26520749789008,-1.00192063413447,-1.93724812494777,-0.718136306960853,"subject428"
-0.998629700076852,-0.135404455762408,-0.21026633086896,-0.324980496679485,"subject429"
-0.577446965209274,0.160841649841537,-0.599099840126835,-0.592038948453775,"subject430"
-0.312273860809692,-0.144641885243974,-0.141489951624028,-1.28584583572455,"subject431"
-1.44581886496237,-0.882032701283201,-1.84331956260417,-1.25201000114912,"subject432"
-0.255921222210153,-0.230837729631102,0.550680641274314,-0.56136518952194,"subject434"
-1.12195043153403,-0.0489150272272397,-0.970157045992875,1.05972810750317,"subject435"
0.220648597278268,0.15602542669691,0.026728960399171,0.97863498645844,"subject436"
-0.631706883614306,0.21115454105751,-0.744951514360906,-1.41239555816106,"subject437"
0.809844352504885,-0.303473752548711,0.48887706913433,-0.690079181376469,"subject438"
-0.0290033746307671,-0.500278437745638,1.04156468345136,0.158756008274768,"subject439"
1.52694646774144,0.783079036960304,2.10177987564756,-0.625056408783565,"subject440"
-0.534812530026687,0.549131577617843,-0.392004369246874,0.590162839721081,"subject441"
-0.279377497184767,-0.448607909732866,1.27543534348699,0.446069096145043,"subject442"
-0.522325640121704,-1.40493918286869,-0.303796895650028,-0.919551031680704,"subject443"
-1.24064140904156,-0.933986920729723,-0.657349676480422,-0.82270353517922,"subject444"
-0.0333124739531235,-1.03125464374716,-0.710050829550817,0.25554286199171,"subject445"
-0.251443024073638,2.00261862355671,0.744293682756833,-0.787407358605365,"subject446"
-0.978489714079057,-1.12031132000808,-1.11968899213275,-1.23648153552478,"subject447"
2.26108159410028,-0.586803903041664,0.209120439742836,2.8076318612273,"subject448"
-0.434453476313092,-0.583488419767882,-0.104187389996135,0.966404376411018,"subject449"
-0.679566074982055,-1.00232055936076,0.199594556591605,0.291762150168775,"subject450"
-0.786681248084054,0.617520076587096,-0.356232577831821,-1.70232866877212,"subject451"
-0.555007404730497,0.147425828755092,0.154015173667092,-0.529391294751096,"subject452"
-0.832482439854597,-0.928879723564545,-0.865842130648681,0.103140806322617,"subject453"
0.0302281583741612,-0.0812351747286107,0.227530796068852,1.32683700952041,"subject454"
1.1771145277813,-0.217394912133499,1.67501862195314,0.86861067801997,"subject455"
0.307946100261321,0.043786399001122,1.38408165791409,1.28777672336784,"subject456"
-0.531328469486282,-0.223005403683891,-0.224656443133904,0.716569381773936,"subject457"
2.28310833856581,-1.05474090154873,0.522526972513697,-0.170453573840852,"subject458"
-0.414132290811813,0.911394370938837,0.194896324638941,-0.319624153064406,"subject459"
0.708145366353302,-0.367035148670595,1.26683075708202,0.290811480496069,"subject460"
-0.728623087897364,-0.260642449592184,-0.427069534275843,-1.02326982852792,"subject461"
0.0023649519246904,-1.13564182623215,-0.409730840502598,-0.819183780424616,"subject462"
1.39081236745125,-1.34805314698798,1.22319172287618,0.851327621444249,"subject463"
-0.111828874622862,-1.55852657652679,0.481297263528147,-0.878289691327206,"subject464"
0.358951865471321,-0.720188726594155,0.369374901487963,0.824628158809664,"subject465"
0.215833540700254,0.347109957343317,2.2198260720589,0.168029172846099,"subject466"
-0.347831206549757,-1.51923242418366,0.625112837102227,0.774497321781084,"subject467"
0.202339819181543,0.0993574672771431,-0.399140206290102,-1.01985435239105,"subject468"
-0.241890569721031,1.18749959917575,1.57532245381597,0.149740348149476,"subject469"
-0.608227596681331,-0.232714773636268,-0.563976285087326,-0.488208697029653,"subject470"
-1.07250209809618,-1.35746772554367,-1.12500153632728,-0.42197977673312,"subject471"
0.0335205600682738,-0.536116728127198,-0.975454091685844,-0.120752419320147,"subject472"
2.59889588788336,-1.647427092414,1.22212332650114,0.817702249547288,"subject473"
-0.199977836664547,-1.17998760984594,0.676683871742736,1.41523576040473,"subject474"
-1.22689170839475,-1.23886508598366,-0.886722616722579,-1.14013010274093,"subject475"
0.699115768915779,-0.599438252875893,1.03950908048451,-0.489179293298892,"subject477"
-0.0726195614396356,1.40095424173672,-0.211429376542743,0.109711770540784,"subject478"
-0.67256432914868,0.386407447362405,0.783731687146706,1.58817750626299,"subject479"
2.14395782315384,0.144081957557798,2.92132234516323,0.836167901378449,"subject480"
-1.31906002885029,0.804397556379175,-0.549976886292727,0.0986212587490969,"subject481"
-1.42012732271347,-0.934595235523158,-0.816994741532799,-0.546145498259076,"subject482"
-1.60416290015567,-0.916125344844814,-1.11449779059519,-1.15190496509976,"subject484"
-1.15880459181608,-0.277943399830976,-0.913001519951751,0.661472137185494,"subject485"
-0.11983668136765,0.892273396674154,-0.471171370689445,0.968576350322905,"subject486"
-1.28336063032214,-0.872771250386691,-0.900964011443714,-0.76761822003612,"subject488"
0.287004984656421,0.172307607853932,1.41438286698497,0.686039653567032,"subject489"
0.903075024654649,-0.754026663419025,-0.0615363736785768,0.39911377645921,"subject490"
-0.905338819505879,-0.51902670090691,0.668436626547751,0.0637827638433227,"subject491"
0.0418317188441516,1.18009907297085,-0.486337697820392,-0.127880532158988,"subject492"
-0.587898521848901,0.0188609841666644,0.718979329658527,-0.80584067273269,"subject493"
-0.424866457104585,0.408499905584116,0.319907842010139,-0.554675315441743,"subject494"
-0.936073319576502,-0.408341634217431,-0.7659082427418,1.00911659144971,"subject495"
-0.93660635236025,1.3802898267259,0.413946881128314,-0.851325884996811,"subject496"
-0.741056047488069,-0.85403541947193,-0.195645858735561,-0.400914024103079,"subject497"
-1.49244662713671,-0.99171553699747,-2.32035950211281,-1.23607175694618,"subject498"
-1.46691794819853,1.45603537810878,-0.0376439293602477,-0.988693478885674,"subject500"
-1.05779347837627,-0.623696864832821,-1.15748599651588,-0.857523090783498,"subject501"
-0.0151044220320148,0.675419821499934,-0.0230318292727438,0.0532045611144586,"subject502"
-1.06839249544954,-0.611055652052173,-0.796887896971833,-1.29807262189429,"subject503"
0.981586466030389,2.10116985833193,0.70742703611593,-0.418855324442656,"subject504"
0.993474905642692,-0.830958758335248,-0.171856279644456,-0.490473655605604,"subject505"
-0.0793553517743783,0.466430156593447,0.68557415518645,0.669410315088997,"subject506"
-0.902007265029383,0.234757762329639,-1.32556872397796,-0.131791453718541,"subject507"
-0.806381653445137,-0.355446008125852,0.135970789235184,-0.925216093416307,"subject509"
-1.52395858511063,1.5726987812234,-1.64425905798549,-0.964413586064151,"subject510"
-0.811902299713256,-0.0990529624842903,-0.354695055937316,0.705618973315863,"subject511"
-0.769335260155212,-0.247191291311376,0.537282251629718,1.10686976625225,"subject512"
0.685381067176664,0.621892528216786,0.00540201134246451,-0.370292264691359,"subject513"
-0.613498437752931,2.19705848568756,-0.507923913665034,-0.948271411834715,"subject514"
1.21148324270315,-1.04694373735261,1.55538061200398,-0.885730203761179,"subject515"
-0.552783532419682,2.25066026249496,0.264928449171952,-1.00191881249774,"subject516"
2.49190264303999,-0.787506827135366,0.272043976947326,2.80505848082375,"subject517"
0.063245763373265,0.279670053782652,0.454351448145959,0.611240442292592,"subject518"
-1.18662946115971,0.333966942128402,-0.401255467974568,-0.129904205090077,"subject520"
0.3102879594125,1.28625273900979,1.18896038724674,-0.0197038442299586,"subject521"
-0.628915388788328,0.361266554443027,0.656467479549747,-0.835695841148356,"subject522"
-0.986939873849005,0.175879276051506,-0.870932027915445,0.0410631144019127,"subject523"
1.64014033341323,-0.0493251374129266,0.433913161982219,0.0632524624491538,"subject524"
-0.234467297876077,-1.0666795431524,-0.0990372881581038,0.251816452009577,"subject525"
-0.437433124426732,0.728886574687799,-0.176032984892269,0.843536296546029,"subject526"
-0.767077341258703,-1.33851954935689,-0.581908093229031,-0.0680440105867617,"subject527"
-1.28874091104328,0.246460222380603,-0.349458162139063,-0.482731473431967,"subject528"
0.168520599086061,4.2651708064956,0.581109784809222,-0.713030361132965,"subject529"
-1.01296654718008,-0.526236057802549,-1.95028109692313,-1.31069345383427,"subject530"
-0.452692805399409,-0.372679631534699,-0.222706014254908,0.591131620991616,"subject531"
0.167030428916317,-0.782638951001099,0.00914680059764372,-0.0761423563977726,"subject532"
-0.334243211914793,-0.783027709348316,-0.265415679528152,0.679971177715297,"subject533"
-0.562513822426378,0.223690246405614,0.373225963695223,-0.106624299551758,"subject534"
-0.843457780621926,0.792049915580505,0.011933865098513,0.127078236025319,"subject535"
0.874475610009552,0.240350228674983,1.3173049765275,-0.491459323031898,"subject536"
0.0292504766554157,-0.855212039343482,0.669922233080337,-0.673819602752869,"subject537"
0.781109706609066,0.302877428608398,2.66139093578887,0.223680534693943,"subject538"
0.959206592169949,-0.925042482800468,0.438206758914253,0.450671424638347,"subject540"
-0.578654222036518,-0.232047573087895,0.298011457985739,-0.523399684038143,"subject541"
0.0868430991985856,-1.39522905115109,1.8454920295949,0.707786173007564,"subject542"
-0.29029216724291,-1.18597706091424,-0.179981594120615,-0.912172920958738,"subject543"
0.0248188209503948,0.447637485374739,-0.257346695552884,1.72315950398667,"subject544"
-0.926983281711895,1.14290090398992,-0.622732510260606,-0.501444364802143,"subject545"
-0.465975520130549,-0.299328056902315,0.530418194072902,-2.12875361865926,"subject546"
-0.967492932324963,-1.32364791808032,-1.77693233108065,-0.876522519853965,"subject547"
-0.690835850993331,0.10412485295179,-0.41366110039744,-0.802786646502976,"subject548"
-0.885779902999779,-0.661300382268236,-1.67053842804201,-0.339362822734114,"subject549"
-1.23724512033008,1.43602960499934,-0.544186246159822,-0.739435142732036,"subject550"
1.25069278801095,3.1992166790419,1.86417369436676,0.584267902173668,"subject552"
-0.54918038902014,-0.600567072689513,-0.447751628144831,-0.987587265516048,"subject553"
-1.22468448191867,-0.847278531953932,-1.58933584116964,-1.05084327293331,"subject554"
0.986851387706985,-0.918812757376951,-0.118722827576345,1.34051742987879,"subject555"
-0.682348362141742,-0.814464760247508,-0.467138568047282,-1.16978848985151,"subject556"
-0.00849293545035899,0.0730310875934803,-0.476318157586992,-0.0438663890814238,"subject557"
-0.763895182418239,-0.800321965934542,-0.128447530576053,-0.312468666987902,"subject558"
-0.737701269205369,0.180525707551569,-1.36887480339459,-0.65632950618274,"subject561"
-0.775193054779568,-1.01193596568479,-0.739030497831375,-0.760562296493211,"subject562"
1.57837577595668,0.845633532556952,2.14813747035824,0.713517798582714,"subject563"
0.694301479253029,1.61200656081658,1.0295185564866,0.00713560802621694,"subject564"
0.269201365566607,-0.926208195243576,1.51182149788127,1.38139420145977,"subject565"
0.239221211883203,0.174681931951705,1.18167666492605,0.89765672303431,"subject566"
1.21492220629736,0.0344769866980271,2.74916334333122,1.90209603052788,"subject567"
-0.0865996092121885,-0.348608464731294,2.25409938730938,-1.5937792316947,"subject568"
0.981686315287322,1.51768876577228,2.22165696451717,2.63290935129985,"subject569"
1.27233391225006,-0.520303935644093,-0.971947018197419,0.843513384015531,"subject570"
-0.331513145261988,-0.904685180550243,-1.32056454584835,-0.398416274334683,"subject571"
0.33973715053199,-1.08298591565878,0.158450555284434,-0.537753014169782,"subject572"
-1.03167673166331,-0.427395619094804,-1.06168820266796,-1.10534706399516,"subject573"
-0.727729104879076,0.138878457078055,-0.735898010247566,-1.0075606125951,"subject574"
-0.396313832383597,-0.594501452704357,0.0142136014478317,-0.554627413480833,"subject575"
-0.391665650168668,-0.119781891120982,0.448441910436652,0.811814246606117,"subject576"
1.81820488471583,0.587379585826097,0.901514266961962,0.961603765162739,"subject577"
-1.71833765270183,-0.572638244792225,-0.139473833600022,-0.171764939615767,"subject578"
-1.20623752370924,0.101247691584208,-1.41690948933483,1.18147076903957,"subject579"
-1.16105857758643,0.692691686721653,0.125857733432914,1.14472288827489,"subject580"
0.287889860507944,-0.458494755341531,0.154021547091824,0.312918778514334,"subject581"
-1.41101683401895,-0.0630080489890165,0.0913961146991598,0.548425943898756,"subject582"
-1.27799593590928,-0.959910253911691,-1.82424261757915,-1.25757154453319,"subject583"
-0.533325432445483,-0.630597975106571,0.0606701273472325,0.495521004030142,"subject584"
1.77839318811053,-0.96634853102201,0.306552474512903,1.87712402402976,"subject585"
0.455401607894486,0.374220367028959,0.881412204179633,0.630533541216706,"subject586"
2.00507362976511,0.488714611157544,2.82188002985224,-1.31914449436902,"subject587"
1.19762749721969,0.498902551323752,1.51597502240062,0.903923514131307,"subject589"
-1.23852745334235,0.303361818404157,0.0392996261872629,-1.24497125553873,"subject590"
0.205533644093396,-1.13099385515378,-0.835690901141415,1.8130030843374,"subject591"
-0.475151028736533,-1.48356896634607,-0.967324359709969,-0.128053637130294,"subject592"
-0.87565293901432,-0.0112280849236304,-0.246781038219138,0.050021262492455,"subject593"
-0.250233254571567,-1.27368732112428,-0.367216546430277,0.5814715179632,"subject594"
1.43567331105967,0.0166319065105861,-0.0714298341869646,-1.09719020148075,"subject595"
0.759622521806277,-0.589564798101296,0.783943357462475,0.397157850344715,"subject596"
-0.148958274802407,0.720109745756198,0.554480333861728,0.96605598915157,"subject597"
-1.35189148161329,-1.00984209596551,-2.0799998992075,-1.10064598567233,"subject598"
-0.066647228798003,-0.089639382399971,1.89161050383732,-0.834993993050589,"subject600"
1.05687827072345,-1.37675285224408,-0.766195556818482,1.48492894156501,"subject602"
-0.569649109633052,0.00967811793616397,-0.224832024873908,0.35965607497226,"subject603"
-0.563827217742774,-1.04482244372262,0.260091448526853,-0.756639583502867,"subject605"
-1.70194797068873,-0.737311411939487,-1.21593118510025,-0.533981326009149,"subject606"
-0.0525248801902303,-0.42198579621251,0.303140386005232,-0.94249944047338,"subject607"
-0.42886110314759,0.199792601544724,1.21579801688189,-0.0594890475656025,"subject608"
1.26688994514014,0.19191191100491,-0.309397125013881,0.756616800860009,"subject609"
0.836877884251581,1.34643077914999,0.534398117896808,1.95546090082653,"subject610"
-0.145399428534496,-0.512045473172762,1.24013093162592,0.104971888800327,"subject611"
1.68712182540897,-1.24366182355064,-0.122971009370284,0.158541797423632,"subject612"
-0.224573289290114,-0.0719255186080402,0.997442281010998,1.81122250360354,"subject613"
-0.0547511939372542,0.872996309277986,-0.306834957930653,0.341738218539753,"subject614"
0.0771684459172218,-1.62662205762357,-0.567976310618259,1.6639317367725,"subject615"
-0.163380799354667,-1.24077641840868,-0.958412192430618,-0.283936638294499,"subject616"
-0.529844301947334,0.0295598404271822,-1.85085875665024,-1.29455040036919,"subject617"
-1.22052319870083,0.200929697044645,-0.304279748776491,-0.216873230208357,"subject619"
-1.21432471372325,-0.708067901533208,-0.180737644790605,-0.764284632953851,"subject620"
-0.856481923219281,-0.0404211784956816,-0.545947669157427,-0.207475344018002,"subject621"
-0.838267034466425,0.00622631976037963,0.0316721555466441,0.587000301287322,"subject622"
-0.199924351607053,-1.06555281076164,-0.503204890802858,2.54085352258515,"subject623"
1.00957932727833,0.669724134967159,1.35311065429423,0.123794933174561,"subject624"
0.527907958491518,1.32909231411328,0.111545387100225,-0.266191604355353,"subject625"
1.51940607693635,-0.380864673584736,0.250534336160133,0.551399216937543,"subject626"
1.47912244103744,-0.241325024655951,1.14081322391506,2.21654144393018,"subject627"
-0.625963944129338,-1.27257527850453,-1.07183376573266,-0.0914496515432034,"subject629"
1.16491777771904,1.17043923310698,2.69207608899306,0.10601161582212,"subject630"
-0.774395651160737,-0.933629085536005,-0.710722864617451,-0.544270434311773,"subject631"
-0.144360680642916,-1.10419173648141,0.0281315513487507,0.831357220734684,"subject632"
1.25720878418477,0.115509628173697,0.39181436932189,-0.0469309326144115,"subject633"
-0.244064301761919,0.0545839508876653,-0.353543959589706,1.26819783424685,"subject634"
-0.677596771911765,-1.10011827602495,-0.38624961702477,-0.682919865019199,"subject635"
-0.564095822429688,0.0438483060200906,-0.355728287191422,0.314300900725844,"subject636"
0.513704101402503,-0.906034868279498,0.290164284683786,1.21672702835513,"1"
0.190524434989025,0.558059552566323,-0.758159223268836,-0.0855188921566979,"3"
-0.302585256015053,1.88693762402108,-0.193905695474769,0.605312545716452,"4"
0.592381143077808,-0.597259456980057,-0.0351378357165977,0.519180199826976,"5"
1.99556845812737,1.46947346386108,0.807995533631773,1.40072472467413,"6"
-1.06367155901427,0.319358980281649,-0.921548131424104,0.254318003240027,"7"
-1.12621624511732,-0.0563400161778775,-1.9410275499817,-1.09463808631754,"8"
0.00847902986887922,0.652656152161924,-0.0568988016881376,-1.1580348684933,"9"
-1.0206485701126,0.950979562363157,0.306938793822603,0.360003610423074,"10"
-1.13174120024231,-0.905739624209539,1.20802685797232,-0.799789016472355,"11"
-1.55092759875226,-0.138211112729893,-1.17551199793599,-1.68547967702448,"13"
-1.00299830283345,1.00780044466208,-1.33281382138288,-0.815300775742321,"14"
0.194730152449743,0.308342036472799,-0.46412240393298,-0.584956324659272,"15"
0.192675568159975,0.963055200182621,-0.195376544570259,-1.78009131482727,"16"
1.1527156737025,-0.333819099358776,0.490222165770926,0.950256665948079,"17"
2.94648828465963,3.35580968608623,1.14142586392674,1.04912988759159,"18"
0.348891111399165,-0.899321818710481,-1.02805552156032,-0.954676559580775,"19"
0.730118808698629,-1.34843648440453,0.46101250186414,-0.160270375049169,"20"
2.12776329620621,-0.385797065229631,-1.74598842065149,0.00887644134665475,"21"
2.48011482787428,-0.424620640927061,0.46356509061376,1.20881582556345,"22"
1.64092060987052,0.841435574533541,1.85313835696348,1.31618501422601,"23"
-0.560714830280561,0.491826416128869,0.680363722875247,-1.43146443087123,"24"
1.96432872773159,0.383422764336589,1.0984724806611,-0.484289137720068,"25"
-0.321098720015042,-0.518761476191372,1.35749802518961,0.757704334369261,"26"
1.28377612316965,-0.432434622012151,0.790748966779886,-0.983818639256247,"27"
1.92051781021737,-0.336203931307585,-0.911025787031845,0.614754199485711,"28"
0.60638320487669,2.67667976147462,0.821313289648133,0.501897675228276,"29"
1.8595804929008,0.110246278876869,0.535416087303878,-0.772078262497812,"30"
-0.365003677062476,0.387123707926737,-0.732309278561331,-0.120129597718739,"31"
-1.1250786389408,-1.06116876182051,-0.917802692587887,-0.824899545439298,"32"
0.0715935141730131,-0.441786364484521,0.435512987266894,-1.33495848640955,"33"
1.80644282793857,0.745592282810498,0.174870776434143,1.04597016073684,"34"
1.90073433022664,2.49733844389288,-0.788121627284161,0.526336744458017,"35"
-1.66807934098707,0.588432063717212,-1.83929433973448,-0.742313503749971,"36"
0.0966384717048836,-1.24351611879232,-1.63873118602292,-1.14239521108414,"37"
-0.695664561829198,-0.767231791291378,-1.44927206208453,-0.802998761323498,"38"
-0.782584514727149,0.391335885362469,-0.182129185963088,-1.03535364788157,"39"
-0.187562960072562,-1.01711784325104,-0.96053833442143,0.397120291271852,"40"
-0.324895337174241,-0.351447463226393,-0.67350231266602,-0.138823890874586,"41"
0.727558671998914,-1.27229939499697,-0.135338847929972,1.29778567418143,"42"
0.696016033278031,-0.13416854925291,0.453269764364602,0.732316625526089,"43"
0.413976523634826,0.133300031603663,0.222479903976459,-0.51057328972141,"44"
-1.25570276590994,-0.82571431715075,-1.83858677752646,-1.05034310465521,"45"
0.0635923872516505,-0.283867501932057,0.263279680987605,-1.1486818513086,"46"
0.720293883369927,0.352059101777666,1.36659689085427,0.554395347383902,"48"
0.728723517042687,1.89206576431192,0.383636063984542,-0.0441326264840717,"50"
0.25462756356959,-0.423160539459079,-0.763066740927421,-0.424720375693583,"51"
0.31858560366306,0.857541456641806,0.820200034659223,1.79584034381362,"52"
0.141324006880093,-1.16614726461998,-0.421214774964765,-0.246998938141857,"53"
0.354727679901278,-0.726719321472639,0.559672811027195,-0.209959223568787,"54"
-0.464326373921373,-0.202708907512468,-0.191204745040982,-0.581613432507247,"55"
-1.13461461893401,-1.26113772911127,-1.35000352539157,-0.599272351788179,"56"
-0.215407103888018,0.591488348448096,0.00417692490824947,-0.219886216945221,"57"
-0.611698637642273,0.0794223137271581,-1.04753450969944,-0.942346607877525,"58"
0.152541544271214,0.122924274257431,0.583409396571005,0.843219861639619,"59"
-0.641965203111514,1.67116791931471,1.71247932317295,-0.10818525320527,"60"
1.37635365739139,1.24903116022019,0.415267573691849,-0.720453347800293,"61"
-0.0749376948110163,-0.0876344983025809,0.794979930775584,2.86646892464153,"62"
-0.850385516227778,0.33901589761217,-1.04614700864051,-0.478044950096288,"63"
0.0625359626949664,1.18764310553056,0.430228417608443,-0.0550836832371191,"64"
-0.902568097106196,-0.833552853356675,-0.784072066797982,-1.04102411798861,"65"
0.262758000905933,1.63204922378103,2.22551913012257,-0.251145923100936,"66"
-0.472502716572862,0.414666295817997,0.327292009215803,-0.335381334389664,"67"
1.41245951977524,-0.75693101176559,1.00103377886187,0.210069256367915,"68"
0.82240617320166,-0.330175612374818,0.45688333470888,0.987471522069267,"69"
1.14940692201608,1.02440185234402,-0.00701346330692294,-0.652603017236726,"70"
1.50500986275061,-0.939572936963175,1.34170244888612,1.51586786803717,"71"
0.799475779043446,1.91403954991444,-0.782304257503766,-0.790114813731814,"72"
0.102795279718136,1.4777735840309,0.596775456437142,-0.415506201697386,"73"
0.128888212789039,-0.169725123183453,-0.656968629848191,-0.77606129608047,"75"
-1.22954233734628,0.763377081843833,-1.50001382389814,-0.79397072312268,"76"
-0.184516380155046,-1.26780750965147,-0.523431567258135,-0.618954553265957,"77"
0.233565311390296,0.523117895507527,0.446714312382535,0.479675322398207,"78"
1.00272282704288,2.81412500802832,0.574649499498213,-1.1485956437937,"79"
0.245533798897068,0.32457225280397,1.13975159880717,-0.370200169011843,"80"
2.33621106839636,-1.07545059129362,-0.599472619562442,1.18707244574267,"81"
-0.976612109255977,0.337029738539031,-1.42972444910473,-1.01142315268497,"82"
-0.151005698153075,-0.768181998123207,-0.0933484005096147,0.261495662204164,"83"
1.18943993668789,1.09962631319023,1.29320280189623,-0.071968358097611,"84"
-0.96275126837197,-0.641290180873176,-0.867699319677955,1.44966122016194,"85"
1.73731436614869,-1.28694521648782,0.226889623723494,-1.40852644814457,"86"
-0.385922756131216,-0.188417089835915,0.756000398711632,1.10286234280906,"87"
0.949421556132681,1.75725623608483,-0.342629642442772,-0.853821744952481,"88"
2.68913765272663,-0.597662555740971,0.0292098141924823,2.3884778302054,"89"
-0.208115796177098,0.0383714438730131,0.00828609061683262,-1.41594166462845,"90"
2.31479128777408,0.646337965726618,2.08554652431762,1.09926641431186,"91"
-1.35600321848481,-0.986797113335759,-1.75370991538901,-0.76036709189753,"92"
-0.13598996730351,1.04986709560078,0.879626286424665,1.68094433517602,"94"
1.54159551339726,-0.159820086774105,0.73470716136305,1.78881019829017,"95"
1.39878376057628,1.48807536073225,1.09352105278096,0.358005404984767,"96"
-0.07896629094578,-0.152525883022849,-0.652303649919786,-1.45002903988675,"97"
-0.387152080774089,-0.429167623248207,-0.878090332005385,-0.611097974347769,"98"
1.42773259373494,1.71551895385154,0.676613035035379,1.82849907460221,"99"
0.675058352553826,1.51136142138412,-0.695394702333872,-0.400183543249608,"100"
-0.0793116101953635,-0.636057387377748,0.145571642026387,0.000902790038432993,"102"
-0.232742821834728,-0.306996537873315,-0.371472804150846,-0.57581242389582,"103"
-1.46831842345807,-0.729211148476394,-1.63337150384541,-1.14978503663255,"104"
0.490487517061481,1.44834299814118,1.23009435224009,-0.651182402761536,"105"
2.05607246617339,-1.40645043113938,-0.319240342437298,0.218198739003307,"106"
1.01728290162184,-0.383697894508089,0.861654093053298,-0.401992924651891,"108"
0.810745072378385,-0.736636503149915,1.91386788329263,-0.286641065443063,"109"
1.17688288410307,0.760614254562054,0.745484524361217,0.810567434580341,"110"
-0.230081889729606,0.410796635900165,-0.00897516405258156,0.543995238828195,"111"
1.06423698881427,0.37755703587161,0.923876490902476,0.0431645172350029,"112"
0.779451565202906,0.875766568158475,-1.00416891637836,-0.0969076607383117,"113"
1.26386639479056,2.15997312797051,0.446707533464079,0.312207389569071,"114"
-1.67645115240665,-1.12473023437692,-1.58993156907027,-1.00607742952307,"115"
0.0397093675158777,-1.13639404241104,0.317532206351604,-0.417495144808309,"116"
-0.944488472255327,-1.09621348891866,-1.23118542916863,-0.734709993604395,"117"
-0.280984619043672,0.721799700989215,-0.508597577676223,0.595124099251596,"119"
0.910958186178143,1.59375187968131,-0.966154462736238,-0.807897317987679,"120"
-0.851978397164067,0.239233113236063,-0.379821572231462,-0.827309307188669,"121"
-0.89767274959613,-0.547053601561509,-0.767063317915291,-0.439601839092904,"122"
0.678455755121025,1.38678727815368,-0.831395680883453,-0.304135995888788,"123"
0.96420516337562,-0.338165976480968,0.284309929316089,0.915355977962504,"124"
0.110057702446821,-0.234654558455502,0.00312085905845618,-0.186301362731989,"125"
1.04390836466202,0.963000608303656,-0.543984733815192,-0.723166999482108,"126"
0.470350882210396,0.313554079873136,0.219434514186893,0.226795708371207,"127"
0.866653759568224,0.0365216650796735,0.427517248371722,-1.45474926858773,"128"
-1.50297394860853,-0.614517652342632,-1.77564879117141,-0.886556129029153,"129"
0.947182296870999,1.52152970151534,-0.84965400064066,-0.268957906002321,"130"
0.200556021355201,-0.415565338419093,-1.12214113152361,-0.286571449536272,"131"
-0.362001359302999,-0.545002660807856,-0.347290045086117,-0.257175422359704,"132"
-0.34576062128376,-1.38135991198249,0.0392354301637943,-0.57815187377439,"133"
1.9993319329583,1.77311511542494,2.2766004442984,0.62830126538555,"134"
0.543173750666856,0.981945103175526,-0.340326551051275,-0.163722982643799,"135"
0.950719355096767,0.364742009035638,0.401246447631379,0.711139346625731,"136"
2.16396303185507,-0.596740949339997,-0.119618708889735,1.14379181429469,"137"
1.49402998795514,-0.899214417033044,1.01388018416965,0.903998954669302,"138"
-0.968856037322942,0.143546398207664,-0.705922341491733,-1.01225861726399,"139"
-1.27675099415421,-0.993213972317091,0.649388242771542,0.357585972518797,"140"
-0.88724552528032,-0.185267427822057,-0.665612222385096,-1.29563366568427,"141"
-0.668094986516349,0.543741841937468,-0.702462027087119,-0.910792443989794,"142"
0.250049377729815,1.23336107473027,0.442698618361111,0.509915247982799,"143"
0.522278694011628,0.146644768766098,-0.168736431482287,-0.963322561843253,"144"
-0.289269105148898,-0.466269294627045,-1.79877070105006,-0.590708264227845,"145"
0.804274402086417,-0.0194901572090575,-0.329932301663685,0.916971633563752,"146"
1.07552717974783,1.91034730415021,-0.874237346778825,-0.62801432182964,"147"
2.46405019851914,1.66578522027121,1.47007615776312,0.974369060906371,"148"
-0.887956558463637,0.722506104865574,-1.11096216699401,-1.38532006439993,"149"
0.669833754889136,-0.702048798512597,0.478013539313148,-1.03258020227336,"150"
-0.308266078260984,-0.776375787754218,-0.171616202970437,-0.859699637099583,"151"
0.533946583911504,0.0111490609509266,0.552652725592234,-0.498419524666287,"152"
-0.583691588947752,-1.24327926794505,1.65508376882257,0.710198412930706,"153"
0.76016627292607,1.04369249789448,0.130061558676058,0.262580752596235,"154"
-0.644966813284712,-0.600680975858614,-0.585024159043334,-0.506121717675636,"155"
0.673933011420433,-0.696827337107018,-0.779730302863469,0.0259808596191601,"156"
0.125301851224222,1.39438279573093,0.772255519114657,1.48296027144692,"157"
0.36413166295265,1.41996150066226,1.76264895208791,0.421124410958762,"158"
0.00726348666565752,-0.219304218150652,0.0131676907973458,1.04180381512728,"159"
-0.13281580060751,-0.790494988182669,-0.672122655669242,-0.721714671984212,"160"
-0.587315145393038,1.1434300760984,1.71061882497286,-0.865872949234912,"161"
-0.97793648959495,-0.641538930313754,-1.64717506225839,-1.59364689971673,"162"
0.831546364515517,0.817346163881175,-0.28001263455024,0.507029658834465,"163"
-1.22115283692048,0.114830558422611,-0.980662935681481,-1.22478672175354,"164"
0.547697732422156,0.802571732242932,-0.902569382403553,-0.598642439870253,"165"
0.318523143471492,-0.750214474067242,0.138253466218767,1.45043595601435,"166"
1.23799876171272,-0.341172417982339,0.0464996907679256,-1.14997429993003,"167"
-0.800388484228447,-0.209915052999485,-1.32596637920002,-1.02399688533184,"168"
-1.08749558821955,0.0872717378482415,-1.62175967901143,-0.801732680682381,"169"
-0.713569733915366,-0.151413304174872,0.647588218761206,0.0711072681312212,"170"
0.534408328590231,-0.862913843722521,-0.517252366245926,-1.92314948403771,"171"
-0.264213237589247,-0.344006160809984,-0.585245944873883,1.0276181452139,"172"
0.661420191827618,0.27761460126859,0.723672046139526,0.73268160899105,"173"
-0.122817911320644,-0.245980356420555,0.476482265949129,0.84404698626384,"174"
0.812416886945851,1.93967743531002,-0.754847699841829,-0.09246795172743,"175"
-1.06647058784926,-1.18521858671972,-1.38733317094001,-1.0943796796078,"176"
-0.879184387617467,-0.670112363167059,-0.825012149066239,-0.274322947380465,"177"
-0.463442112896693,0.620527600438268,-0.222987814259575,1.22083501838724,"178"
0.788630156945371,1.06402864221255,-0.945524539258197,-0.671879551370173,"179"
0.0903703490152834,0.961179740751515,-0.0829694806474807,-0.732640760526797,"180"
0.0850427852439555,1.31004949106617,0.595455090342444,0.165355728295317,"181"
1.62436152743126,-0.373709904223735,1.57986073694614,0.649825910082341,"182"
0.0106114781001696,0.382405067707913,0.167973529497677,0.569013281330793,"183"
-0.540189849321485,-1.06753413833541,-0.652289615454606,-1.10357956889112,"184"
-0.624847608228626,-0.193821360237733,-0.662581301552842,-0.890400732439706,"186"
-1.29514738544371,-0.901732812757285,-0.654005687952793,-0.485702896422723,"187"
1.25414544514555,2.11706812523685,1.74895876464605,1.12650609814687,"188"
-1.18602348990504,0.0926153787583202,-0.992662691651672,-0.68775880600172,"189"
2.52899998744276,1.79860600140191,1.83238617889607,1.93175410231788,"190"
1.36456222305363,1.22827512350956,-1.02200680686931,-0.709490292687053,"191"
-0.155688562953337,-1.36001193570352,0.566804408607642,1.16964004544297,"192"
0.41213005715498,0.863274300211983,0.546550674104597,1.99439471010664,"193"
-0.0331866510969567,0.193209539358463,0.933321725093498,-0.689151204214456,"194"
-0.515276016124455,-1.27339433860529,-1.04003892467522,-0.0403740637318197,"196"
0.694179594984613,-0.866337605640628,0.787122876205246,0.74795775326217,"197"
0.256345949656981,-0.0654598578727097,0.991506508281163,0.373877739812673,"198"
-0.774747411934215,0.718275265472887,-0.819964275497199,-0.786212930980848,"199"
0.750625087320373,-1.20822266190971,0.418072959580106,0.099974442189351,"200"
-0.503018942167309,-0.734848494862929,-0.197068238141622,-0.933294597591417,"201"
-0.376862791632511,0.352233333337947,-0.593150913131359,-0.723453544295339,"203"
-0.817055097466841,-0.813824552412552,-1.58258761858658,-1.21171893686637,"204"
-1.27974053467064,0.412031873813318,-2.65725658208112,-0.492870561150282,"205"
-0.106504915397511,2.59406870819562,-0.869693316789533,-1.01834044149559,"206"
0.458073766688278,0.182749814032922,0.235077622874475,-0.471914722413142,"207"
2.72208928719878,1.38473715366003,2.02019524027428,0.412454461868193,"208"
-0.696154569968033,-0.506914869837751,1.00440903499464,-0.628911806829741,"209"
1.05086337147836,-0.766324237787807,0.864126136167138,-1.04239806775222,"210"
0.413569931195236,0.133835931487804,0.730755045232488,0.37660329312552,"211"
-0.328440155309463,1.14371159677647,-0.229914847829543,-0.109784760667978,"212"
1.13999661326146,0.393922092119211,0.21630538322804,-0.114961952299572,"213"
-0.60829879617688,0.44256393305021,-0.434245653393125,-0.46055574683583,"214"
0.848408866515437,-0.561742949903197,0.648712125411335,0.547747582213088,"215"
-0.472414966653896,-0.129090271548535,-0.102426300047385,-0.682592078736152,"216"
-0.973079953343964,-0.434224956103297,-2.54878583462485,-1.34446318327814,"217"
0.585596974519453,1.2227251908579,-0.204975767880878,-0.640617498196989,"218"
0.165661340311171,1.0236185252009,0.623655940357739,0.643546491271632,"220"
1.20103872567545,-0.66577003248752,0.227084200630564,-1.66740021850272,"221"
1.19755166549867,1.40040026181678,0.691525741323306,0.245204271363116,"222"
-1.0399669210897,-1.18239072829325,-0.974997786052323,-1.43468881601985,"223"
1.40941677825129,-0.142186204166517,-0.098533345971114,0.0581997498359854,"224"
0.986311802993537,-0.656585423384692,1.26164788554669,-0.0950458012685046,"225"
0.265037608690879,-0.161272567931755,1.17732738116089,-1.35464486290173,"226"
1.03324201414039,0.786316776879535,-0.488360481853155,-0.0713790882226534,"227"
0.145894747782609,0.652687259212119,1.19521131056547,0.531071372646603,"228"
1.05496642336476,2.594874559594,0.302031191022322,0.177756680743524,"229"
0.295981640446183,0.1156428025227,0.281168498003865,-1.08334871690691,"230"
2.69201657808581,3.43782103869606,1.32206402131003,1.20273318378701,"231"
-0.646006218639908,-0.206976468073255,-0.926313027070582,-0.814830008756701,"232"
-1.14746219873473,-0.721481270405112,-1.00274894139665,-0.0874787241261782,"233"
-0.0236932881702455,-0.331103565480078,0.042855386319133,-1.1664385244055,"234"
0.3738320843236,-0.241922973991214,2.00421270043631,-0.370740663855609,"235"
2.11702598391854,-1.4338465338698,0.719561449543032,0.734445645963825,"236"
1.07379982340595,-0.503830022333978,1.75285059263892,0.406718504470546,"237"
0.926413771748126,-0.483460743956604,0.246319224621803,0.546341650889821,"238"
-0.0970699734239421,-0.504269816552468,0.114754874941088,-0.681290394576134,"239"
0.813724212277127,0.7794509105006,0.593699399996283,0.627914745438574,"240"
0.0329499170631066,-0.350061959260619,1.18504765266122,-1.06494580898392,"241"
-0.386931975499712,-0.760590948938762,-0.357147615604736,-1.11255037964865,"242"
0.777178155838959,-0.520017762183587,-0.030640793121061,0.657411960962982,"243"
1.51348615425442,0.33418139951264,0.209681549142898,0.257545566251484,"244"
0.961490446883011,1.3624228267596,-0.968566315530434,-0.519778885762024,"245"
0.429044656742905,-0.904475274613408,0.412285422307854,-0.0846730718909922,"246"
0.986863644736006,0.124088931397187,0.730678677579956,0.0040267594189562,"247"
-0.74014001523655,-1.04860633768311,-1.75500679000538,-1.59157580191459,"248"
-0.159070549268607,-1.43142564200495,-0.665748652886637,-0.93220516634547,"249"
-0.378570609707569,1.56701061910459,2.68068476974496,-1.04941608572114,"250"
0.508869506390237,-1.07237268840317,0.303475396532832,-0.670852099925689,"251"
-0.51267876101354,-1.39812701367007,-0.318981640091715,-1.37250361056693,"252"
0.21739118668526,-1.06243051468224,0.561124413095664,-0.819432107115691,"253"
1.3211182568308,0.261865961748729,0.401628854906558,0.162506072133651,"254"
0.431744539731234,0.236001665779627,0.457186362118345,-0.674458385562434,"255"
0.142590468846576,0.891424537245903,-0.237763174884437,-1.62046431452773,"256"
-0.63948413015121,-0.287466327300197,-0.0713364406145939,-0.408176802557869,"257"
-0.115659244699826,-0.378855886432322,-0.564356228994068,-1.53520140131437,"258"
1.59645823024891,1.4569875508858,-0.151044125981013,0.113787651624721,"260"
0.194263248796951,-0.451422523274014,-0.487389043853345,-1.45542117204561,"261"
-0.466427063785665,-0.4125199327414,-2.37041480387332,-1.67178654228251,"262"
-0.104255736715713,-1.02750748252941,-1.00513509347408,0.0797865139310089,"263"
-0.888244865382244,-0.155400739861444,-1.36801767621099,-0.473407470894265,"264"
1.07126170356412,-0.341904198795236,0.514478824346006,0.731164959772098,"265"
1.81011381398054,0.0553790019856001,0.572187589452266,2.08321171911633,"266"
-1.31573646297386,-0.597981105950459,-2.01459346417865,-0.82837706666102,"267"
0.475877950044364,-1.51836805515533,-1.40594738616958,2.37378234362397,"269"
0.462783637845607,-1.19872449911181,0.932913552026979,1.12244479864374,"270"
-0.353222981786795,-0.726179576933925,-0.69907327085992,-0.585900847889148,"271"
1.04808581245911,1.66524481725346,-0.326644709064624,-0.197865184958424,"272"
-0.254694734697145,-0.36021358895842,-0.544166598880024,-1.16751844394929,"273"
-0.45435542067458,0.907375652115539,-0.556951767020697,-0.00670320395374395,"274"
-0.626721238424397,0.851985383112858,-1.43596847483157,-1.08609766127344,"275"
-0.982790808382328,-0.115815914209942,-1.29324317365354,0.0248216467311258,"276"
-0.180123679248219,-1.21334089310657,-0.436779199985179,-0.744693860157332,"278"
-0.335731848509435,-0.469443036296335,0.206281926875885,0.012057778272965,"279"
1.95696431965349,-0.0938069500264783,-0.891763628244222,2.11311516014155,"280"
1.57576067365199,1.94691859247258,1.61346422163744,1.9235320104477,"281"
1.20016259974627,-0.331905459739314,1.03846356474811,0.694849682079205,"282"
2.04925301861395,-0.261973003234451,0.903400100036252,-0.83237312797327,"283"
1.70871216591059,-0.213781425560115,0.903493556218943,0.0325429499527107,"284"
0.11608194398767,-0.709283835875148,0.688501146323139,-0.814653091389401,"285"
0.375022802642112,0.134535740049475,-0.141985777549034,-2.14019860427843,"286"
0.540972064757818,-1.16853088615296,-1.15562677016703,-1.34796969951944,"287"
-0.441972499991189,0.548330838443139,-0.237206277595698,0.701546943986933,"288"
0.757583805538649,-0.0702591387194008,0.0689106135128802,-0.540670597005229,"289"
0.496115510279879,1.93401259718689,-0.924988334963876,-0.550797460685948,"290"
-0.151613753931067,-0.356682821985073,-0.649338562477746,-0.348856213299928,"291"
2.05137774750324,0.649097360454012,0.886385179761212,-0.860755953549622,"293"
2.2457699639714,1.5632259532571,0.75567822272314,-0.0264318649230992,"294"
0.110542455445151,-0.811766481442039,0.988827242247765,0.661564535104078,"295"
-1.09076103403567,-0.405164323466119,-1.41409174547662,-0.538260336077846,"296"
0.595590147126408,2.25538626233732,1.12390374454507,0.0099477518651897,"297"
-0.174134282891847,1.19222659041544,0.00270164438257224,-0.508325983103088,"298"
1.81971844532832,-0.505627255686962,1.32952079106945,0.359180107435215,"299"
-0.498974946570885,1.3224441151296,-1.1331499444872,-1.3678055978313,"300"
